index,gameId,seasonYear,League,homeTeamId,awayTeamId,startDate,startTime,status,homeScore,awayScore
0,10796,2021,standard,17,4,2021-10-03,15:30,Finished,97,123
1,10797,2021,standard,38,27,2021-10-04,19:00,Finished,123,107
2,10798,2021,standard,2,26,2021-10-04,19:30,Finished,98,97
3,10799,2021,standard,20,1,2021-10-04,19:30,Finished,125,99
4,10800,2021,standard,22,23,2021-10-04,20:00,Finished,117,114
5,10801,2021,standard,25,5,2021-10-04,20:00,Finished,97,113
6,10802,2021,standard,31,40,2021-10-04,20:30,Finished,111,85
7,10803,2021,standard,29,11,2021-10-04,22:00,Finished,107,121
8,10804,2021,standard,30,28,2021-10-04,22:00,Finished,117,106
9,10805,2021,standard,16,9,2021-10-04,22:30,Finished,103,102
10,10806,2021,standard,24,15,2021-10-05,19:30,Finished,125,104
11,10807,2021,standard,6,7,2021-10-05,20:00,Finished,131,95
12,10808,2021,standard,14,41,2021-10-05,20:00,Finished,125,119
13,10809,2021,standard,19,21,2021-10-05,20:00,Finished,87,77
14,10815,2021,standard,28,17,2021-10-06,18:00,Finished,117,105
15,10810,2021,standard,10,31,2021-10-06,19:00,Finished,115,105
16,10811,2021,standard,1,7,2021-10-06,19:30,Finished,96,99
17,10812,2021,standard,23,26,2021-10-06,20:00,Finished,104,86
18,10813,2021,standard,8,40,2021-10-06,20:30,Finished,111,101
19,10814,2021,standard,11,9,2021-10-06,22:00,Finished,118,116
20,10816,2021,standard,16,30,2021-10-06,22:30,Finished,98,113
21,10817,2021,standard,5,19,2021-10-07,19:00,Finished,98,128
22,10818,2021,standard,27,38,2021-10-07,19:00,Finished,125,113
23,10819,2021,standard,14,20,2021-10-07,22:00,Finished,106,113
24,10820,2021,standard,7,15,2021-10-08,19:00,Finished,100,109
25,10821,2021,standard,4,21,2021-10-08,19:30,Finished,119,115
26,10822,2021,standard,6,23,2021-10-08,20:00,Finished,121,85
27,10823,2021,standard,8,16,2021-10-08,20:30,Finished,122,114
28,10824,2021,standard,31,20,2021-10-08,20:30,Finished,105,109
29,10825,2021,standard,9,22,2021-10-08,21:00,Finished,112,114
30,10826,2021,standard,11,17,2021-10-08,22:00,Finished,121,114
31,10827,2021,standard,2,38,2021-10-09,19:00,Finished,113,111
32,10828,2021,standard,41,24,2021-10-09,19:00,Finished,99,117
33,10829,2021,standard,19,1,2021-10-09,20:00,Finished,87,91
34,10830,2021,standard,26,31,2021-10-10,18:00,Finished,100,101
35,10831,2021,standard,7,6,2021-10-10,19:00,Finished,101,102
36,10832,2021,standard,21,25,2021-10-10,19:30,Finished,130,110
37,10833,2021,standard,17,28,2021-10-10,22:00,Finished,94,123
38,10834,2021,standard,38,14,2021-10-11,19:00,Finished,107,92
39,10835,2021,standard,20,5,2021-10-11,19:30,Finished,104,103
40,10836,2021,standard,27,4,2021-10-11,20:00,Finished,115,104
41,10837,2021,standard,19,10,2021-10-11,20:00,Finished,127,92
42,10838,2021,standard,40,23,2021-10-11,21:00,Finished,127,96
43,10839,2021,standard,29,30,2021-10-11,22:00,Finished,93,107
44,10840,2021,standard,16,22,2021-10-11,22:30,Finished,100,128
45,10841,2021,standard,41,38,2021-10-12,19:00,Finished,108,113
46,10842,2021,standard,17,11,2021-10-12,22:30,Finished,99,111
47,10849,2021,standard,28,29,2021-10-13,17:00,Finished,119,74
48,10843,2021,standard,5,8,2021-10-13,18:30,Finished,59,127
49,10844,2021,standard,15,19,2021-10-13,19:00,Finished,109,107
50,10845,2021,standard,26,2,2021-10-13,19:00,Finished,103,102
51,10846,2021,standard,24,10,2021-10-13,19:30,Finished,108,100
52,10847,2021,standard,25,9,2021-10-13,20:00,Finished,108,99
53,10848,2021,standard,40,21,2021-10-13,21:00,Finished,124,120
54,10850,2021,standard,1,20,2021-10-14,19:00,Finished,127,92
55,10851,2021,standard,4,22,2021-10-14,19:30,Finished,107,101
56,10852,2021,standard,25,9,2021-10-14,20:00,Finished,107,113
57,10853,2021,standard,30,17,2021-10-14,22:00,Finished,116,112
58,10854,2021,standard,20,2,2021-10-15,18:30,Finished,121,100
59,10855,2021,standard,10,27,2021-10-15,19:00,Finished,112,108
60,10856,2021,standard,15,7,2021-10-15,19:00,Finished,94,110
61,10857,2021,standard,24,41,2021-10-15,19:30,Finished,115,113
62,10858,2021,standard,6,19,2021-10-15,20:00,Finished,118,105
63,10859,2021,standard,21,8,2021-10-15,20:00,Finished,103,114
64,10860,2021,standard,31,14,2021-10-15,20:30,Finished,126,98
65,10861,2021,standard,11,29,2021-10-15,22:00,Finished,119,97
66,8787,2021,standard,21,4,2021-10-19,19:30,Finished,127,104
67,8788,2021,standard,17,11,2021-10-19,22:00,Finished,114,121
68,8789,2021,standard,5,15,2021-10-20,19:00,Finished,123,122
69,8790,2021,standard,10,6,2021-10-20,19:00,Finished,88,94
70,8791,2021,standard,24,2,2021-10-20,19:30,Finished,138,134
71,8792,2021,standard,38,41,2021-10-20,19:30,Finished,83,98
72,8793,2021,standard,19,7,2021-10-20,20:00,Finished,132,121
73,9573,2021,standard,22,14,2021-10-20,20:00,Finished,124,106
74,9574,2021,standard,23,27,2021-10-20,20:00,Finished,97,117
75,9575,2021,standard,31,26,2021-10-20,20:30,Finished,123,97
76,9576,2021,standard,40,25,2021-10-20,21:00,Finished,107,86
77,9577,2021,standard,28,9,2021-10-20,22:00,Finished,98,110
78,9578,2021,standard,29,30,2021-10-20,22:00,Finished,121,124
79,9579,2021,standard,1,8,2021-10-21,19:30,Finished,113,87
80,9580,2021,standard,20,21,2021-10-21,20:00,Finished,137,95
81,9581,2021,standard,11,16,2021-10-21,22:00,Finished,115,113
82,9582,2021,standard,7,5,2021-10-22,19:00,Finished,112,123
83,9583,2021,standard,26,24,2021-10-22,19:00,Finished,96,121
84,9584,2021,standard,41,15,2021-10-22,19:00,Finished,135,134
85,9585,2021,standard,2,38,2021-10-22,19:30,Finished,83,115
86,9586,2021,standard,27,4,2021-10-22,19:30,Finished,109,114
87,9587,2021,standard,6,23,2021-10-22,20:00,Finished,128,112
88,9588,2021,standard,14,25,2021-10-22,20:00,Finished,124,91
89,9589,2021,standard,9,31,2021-10-22,21:00,Finished,102,96
90,9590,2021,standard,17,28,2021-10-22,22:00,Finished,105,115
91,9591,2021,standard,30,40,2021-10-22,22:00,Finished,101,110
92,9592,2021,standard,7,1,2021-10-23,18:00,Finished,101,95
93,9593,2021,standard,15,20,2021-10-23,19:00,Finished,102,91
94,9594,2021,standard,38,8,2021-10-23,19:30,Finished,95,103
95,9595,2021,standard,6,10,2021-10-23,20:00,Finished,97,82
96,9596,2021,standard,22,23,2021-10-23,20:00,Finished,96,89
97,9597,2021,standard,31,21,2021-10-23,20:30,Finished,111,121
98,9598,2021,standard,29,28,2021-10-23,22:00,Finished,134,105
99,9599,2021,standard,16,19,2021-10-23,22:30,Finished,114,120
100,9600,2021,standard,4,5,2021-10-24,16:00,Finished,95,111
101,9601,2021,standard,24,26,2021-10-24,19:00,Finished,104,110
102,9602,2021,standard,14,2,2021-10-24,19:00,Finished,97,107
103,9603,2021,standard,25,27,2021-10-24,19:00,Finished,103,115
104,9604,2021,standard,30,11,2021-10-24,21:00,Finished,107,119
105,9605,2021,standard,17,19,2021-10-24,21:30,Finished,121,118
106,9606,2021,standard,5,2,2021-10-25,19:00,Finished,129,140
107,9607,2021,standard,15,21,2021-10-25,19:00,Finished,109,119
108,9608,2021,standard,1,10,2021-10-25,19:30,Finished,122,104
109,9609,2021,standard,4,41,2021-10-25,19:30,Finished,104,90
110,9610,2021,standard,20,26,2021-10-25,19:30,Finished,107,90
111,9611,2021,standard,38,6,2021-10-25,19:30,Finished,108,111
112,9612,2021,standard,22,23,2021-10-25,20:00,Finished,98,107
113,9613,2021,standard,9,7,2021-10-25,21:00,Finished,87,99
114,9614,2021,standard,16,29,2021-10-25,22:30,Finished,116,86
115,9615,2021,standard,24,27,2021-10-26,19:30,Finished,112,99
116,9616,2021,standard,25,11,2021-10-26,20:00,Finished,98,106
117,9617,2021,standard,8,14,2021-10-26,20:30,Finished,116,106
118,9618,2021,standard,31,17,2021-10-26,20:30,Finished,121,125
119,9619,2021,standard,40,9,2021-10-26,22:00,Finished,122,110
120,9620,2021,standard,26,5,2021-10-27,19:00,Finished,111,120
121,9621,2021,standard,2,41,2021-10-27,19:30,Finished,107,116
122,9622,2021,standard,4,20,2021-10-27,19:30,Finished,93,106
123,9623,2021,standard,38,15,2021-10-27,19:30,Finished,118,100
124,9624,2021,standard,23,1,2021-10-27,19:30,Finished,99,102
125,8846,2021,standard,21,22,2021-10-27,20:00,Finished,108,113
126,8847,2021,standard,25,17,2021-10-27,20:00,Finished,123,115
127,8848,2021,standard,28,30,2021-10-27,22:00,Finished,107,110
128,8849,2021,standard,29,19,2021-10-27,22:00,Finished,116,96
129,8850,2021,standard,16,7,2021-10-27,22:30,Finished,79,92
130,8851,2021,standard,27,10,2021-10-28,19:00,Finished,110,102
131,9631,2021,standard,41,1,2021-10-28,19:00,Finished,122,111
132,9632,2021,standard,6,24,2021-10-28,20:00,Finished,103,104
133,9633,2021,standard,14,40,2021-10-28,20:00,Finished,91,122
134,9634,2021,standard,8,31,2021-10-28,20:30,Finished,104,99
135,9635,2021,standard,11,19,2021-10-28,22:00,Finished,101,104
136,9636,2021,standard,38,26,2021-10-29,19:00,Finished,110,109
137,9637,2021,standard,4,15,2021-10-29,19:30,Finished,105,98
138,9638,2021,standard,20,5,2021-10-29,19:30,Finished,114,99
139,9639,2021,standard,23,30,2021-10-29,20:00,Finished,109,113
140,9640,2021,standard,9,8,2021-10-29,22:00,Finished,106,75
141,9641,2021,standard,29,16,2021-10-29,22:00,Finished,111,92
142,9642,2021,standard,17,7,2021-10-29,22:30,Finished,113,101
143,9643,2021,standard,41,2,2021-10-30,17:00,Finished,115,112
144,9644,2021,standard,10,26,2021-10-30,19:00,Finished,110,103
145,9645,2021,standard,23,24,2021-10-30,19:00,Finished,117,123
146,9646,2021,standard,15,38,2021-10-30,19:30,Finished,94,97
147,9647,2021,standard,27,1,2021-10-30,19:30,Finished,122,94
148,9648,2021,standard,6,40,2021-10-30,20:00,Finished,107,99
149,9649,2021,standard,19,20,2021-10-30,20:00,Finished,103,129
150,9650,2021,standard,21,31,2021-10-30,20:00,Finished,93,102
151,9651,2021,standard,11,25,2021-10-30,20:30,Finished,103,82
152,9652,2021,standard,22,9,2021-10-30,21:00,Finished,91,93
153,9653,2021,standard,28,7,2021-10-30,22:00,Finished,101,92
154,9654,2021,standard,8,30,2021-10-31,15:30,Finished,105,99
155,9655,2021,standard,5,29,2021-10-31,19:00,Finished,125,113
156,9656,2021,standard,21,40,2021-10-31,19:00,Finished,95,107
157,9657,2021,standard,4,10,2021-10-31,19:30,Finished,117,91
158,9658,2021,standard,17,14,2021-10-31,22:30,Finished,95,85
159,9659,2021,standard,5,7,2021-11-01,19:00,Finished,110,113
160,9660,2021,standard,15,31,2021-11-01,19:00,Finished,131,118
161,9661,2021,standard,27,29,2021-11-01,19:00,Finished,113,103
162,9662,2021,standard,1,41,2021-11-01,19:30,Finished,118,111
163,9663,2021,standard,2,6,2021-11-01,19:30,Finished,114,128
164,9664,2021,standard,24,38,2021-11-01,19:30,Finished,104,113
165,9665,2021,standard,19,9,2021-11-01,20:00,Finished,106,97
166,9666,2021,standard,22,26,2021-11-01,20:00,Finished,97,115
167,9667,2021,standard,16,25,2021-11-01,22:30,Finished,99,94
168,9668,2021,standard,10,21,2021-11-02,19:00,Finished,89,117
169,9669,2021,standard,8,20,2021-11-02,19:30,Finished,110,125
170,9670,2021,standard,40,30,2021-11-02,21:00,Finished,119,113
171,9671,2021,standard,28,23,2021-11-02,22:00,Finished,112,100
172,8893,2021,standard,17,14,2021-11-02,22:30,Finished,119,117
173,8894,2021,standard,7,29,2021-11-03,19:00,Finished,107,104
174,8895,2021,standard,15,24,2021-11-03,19:00,Finished,111,98
175,8896,2021,standard,26,2,2021-11-03,19:00,Finished,79,92
176,8897,2021,standard,27,6,2021-11-03,19:00,Finished,103,98
177,8898,2021,standard,41,38,2021-11-03,19:00,Finished,100,109
178,8899,2021,standard,4,1,2021-11-03,19:30,Finished,117,108
179,8900,2021,standard,19,9,2021-11-03,20:00,Finished,108,106
180,8901,2021,standard,22,16,2021-11-03,20:00,Finished,115,126
181,8902,2021,standard,31,8,2021-11-03,20:30,Finished,108,109
182,8903,2021,standard,11,5,2021-11-03,22:00,Finished,114,92
183,8904,2021,standard,30,23,2021-11-03,22:00,Finished,112,99
184,8905,2021,standard,10,27,2021-11-04,19:00,Finished,98,109
185,8906,2021,standard,1,40,2021-11-04,19:30,Finished,98,116
186,8907,2021,standard,20,2,2021-11-04,19:30,Finished,78,95
187,8908,2021,standard,28,14,2021-11-04,22:00,Finished,123,111
188,8909,2021,standard,17,25,2021-11-04,22:30,Finished,104,107
189,8910,2021,standard,10,4,2021-11-05,19:00,Finished,90,96
190,8911,2021,standard,26,31,2021-11-05,19:00,Finished,89,102
191,8912,2021,standard,41,19,2021-11-05,19:00,Finished,115,87
192,8913,2021,standard,38,7,2021-11-05,19:30,Finished,101,102
193,8914,2021,standard,21,24,2021-11-05,19:30,Finished,98,113
194,8915,2021,standard,22,16,2021-11-05,20:00,Finished,84,104
195,8916,2021,standard,11,23,2021-11-05,22:00,Finished,126,85
196,8917,2021,standard,29,15,2021-11-05,22:00,Finished,110,106
197,8918,2021,standard,30,5,2021-11-05,22:00,Finished,140,110
198,8919,2021,standard,9,14,2021-11-06,17:00,Finished,95,94
199,8920,2021,standard,20,40,2021-11-06,19:30,Finished,118,115
200,8921,2021,standard,6,27,2021-11-06,20:00,Finished,105,114
201,8922,2021,standard,8,2,2021-11-06,20:30,Finished,107,104
202,8923,2021,standard,28,1,2021-11-06,22:00,Finished,121,117
203,8924,2021,standard,29,17,2021-11-06,22:30,Finished,105,90
204,8925,2021,standard,38,4,2021-11-07,15:30,Finished,103,116
205,8926,2021,standard,24,7,2021-11-07,18:00,Finished,109,126
206,8927,2021,standard,26,40,2021-11-07,18:00,Finished,107,100
207,8928,2021,standard,41,21,2021-11-07,18:00,Finished,101,94
208,8929,2021,standard,30,15,2021-11-07,18:00,Finished,91,94
209,8930,2021,standard,25,31,2021-11-07,19:00,Finished,99,94
210,8931,2021,standard,11,14,2021-11-07,20:30,Finished,120,107
211,8932,2021,standard,16,5,2021-11-07,21:00,Finished,120,106
212,8933,2021,standard,27,24,2021-11-08,19:00,Finished,96,103
213,8934,2021,standard,6,4,2021-11-08,20:00,Finished,118,95
214,8935,2021,standard,19,22,2021-11-08,20:00,Finished,125,118
215,8936,2021,standard,8,23,2021-11-08,20:30,Finished,108,92
216,8937,2021,standard,9,20,2021-11-08,21:00,Finished,113,96
217,8938,2021,standard,11,1,2021-11-08,22:00,Finished,127,113
218,8939,2021,standard,30,28,2021-11-08,22:00,Finished,104,109
219,9719,2021,standard,17,5,2021-11-08,22:30,Finished,126,123
220,9720,2021,standard,27,21,2021-11-09,19:30,Finished,109,118
221,9721,2021,standard,40,1,2021-11-09,21:00,Finished,110,98
222,9722,2021,standard,16,29,2021-11-09,22:00,Finished,117,109
223,9723,2021,standard,7,41,2021-11-10,19:00,Finished,94,97
224,9724,2021,standard,26,4,2021-11-10,19:00,Finished,90,123
225,9725,2021,standard,2,38,2021-11-10,19:30,Finished,104,88
226,9726,2021,standard,24,21,2021-11-10,19:30,Finished,100,112
227,9727,2021,standard,14,10,2021-11-10,19:30,Finished,104,112
228,9728,2021,standard,6,8,2021-11-10,20:00,Finished,117,107
229,9729,2021,standard,19,5,2021-11-10,20:00,Finished,108,118
230,9730,2021,standard,23,25,2021-11-10,20:00,Finished,100,108
231,9731,2021,standard,31,30,2021-11-10,20:30,Finished,136,117
232,9732,2021,standard,9,15,2021-11-10,21:00,Finished,101,98
233,9733,2021,standard,28,29,2021-11-10,21:00,Finished,119,109
234,9734,2021,standard,11,22,2021-11-10,22:00,Finished,123,110
235,9735,2021,standard,17,20,2021-11-10,22:00,Finished,120,117
236,9736,2021,standard,27,38,2021-11-11,19:00,Finished,109,115
237,9737,2021,standard,40,15,2021-11-11,21:00,Finished,100,111
238,9738,2021,standard,16,20,2021-11-11,22:30,Finished,112,109
239,9739,2021,standard,5,24,2021-11-12,19:00,Finished,104,96
240,9740,2021,standard,2,21,2021-11-12,19:30,Finished,122,113
241,9741,2021,standard,7,10,2021-11-12,19:30,Finished,98,78
242,9742,2021,standard,14,29,2021-11-12,20:00,Finished,92,104
243,9743,2021,standard,19,28,2021-11-12,20:00,Finished,94,119
244,9744,2021,standard,23,4,2021-11-12,20:00,Finished,112,120
245,9745,2021,standard,25,30,2021-11-12,20:00,Finished,105,103
246,9746,2021,standard,31,8,2021-11-12,20:30,Finished,109,123
247,9747,2021,standard,9,1,2021-11-12,21:00,Finished,105,96
248,9748,2021,standard,11,6,2021-11-12,22:00,Finished,119,93
249,9749,2021,standard,17,22,2021-11-12,22:30,Finished,83,107
250,9750,2021,standard,40,20,2021-11-13,17:00,Finished,105,111
251,9751,2021,standard,15,27,2021-11-13,19:00,Finished,118,113
252,9752,2021,standard,26,41,2021-11-13,19:00,Finished,92,104
253,9753,2021,standard,23,19,2021-11-13,19:00,Finished,112,101
254,9754,2021,standard,38,10,2021-11-13,19:30,Finished,121,127
255,9755,2021,standard,7,2,2021-11-13,20:00,Finished,91,89
256,9756,2021,standard,16,22,2021-11-13,22:30,Finished,129,102
257,9757,2021,standard,17,31,2021-11-14,15:30,Finished,114,106
258,9758,2021,standard,1,21,2021-11-14,18:00,Finished,120,100
259,9759,2021,standard,5,11,2021-11-14,19:00,Finished,106,102
260,9760,2021,standard,14,28,2021-11-14,19:00,Finished,89,115
261,9761,2021,standard,25,4,2021-11-14,19:00,Finished,96,120
262,9762,2021,standard,9,29,2021-11-14,20:00,Finished,124,95
263,9763,2021,standard,16,6,2021-11-14,21:30,Finished,90,100
264,9764,2021,standard,7,2,2021-11-15,19:00,Finished,92,98
265,9765,2021,standard,10,30,2021-11-15,19:00,Finished,107,129
266,9766,2021,standard,41,23,2021-11-15,19:00,Finished,105,100
267,9767,2021,standard,1,26,2021-11-15,19:30,Finished,129,111
268,9768,2021,standard,24,15,2021-11-15,19:30,Finished,92,84
269,9769,2021,standard,8,9,2021-11-15,20:00,Finished,111,101
270,9770,2021,standard,19,14,2021-11-15,20:00,Finished,136,102
271,9771,2021,standard,22,28,2021-11-15,20:00,Finished,96,99
272,9772,2021,standard,25,20,2021-11-15,20:00,Finished,90,103
273,9773,2021,standard,29,38,2021-11-15,22:00,Finished,118,113
274,9774,2021,standard,17,6,2021-11-15,22:30,Finished,103,121
275,9775,2021,standard,4,11,2021-11-16,19:30,Finished,99,117
276,9776,2021,standard,40,27,2021-11-16,22:00,Finished,120,85
277,9777,2021,standard,16,31,2021-11-16,22:30,Finished,106,92
278,9778,2021,standard,5,41,2021-11-17,19:00,Finished,97,87
279,9779,2021,standard,10,15,2021-11-17,19:00,Finished,97,89
280,9780,2021,standard,1,2,2021-11-17,19:30,Finished,110,99
281,9781,2021,standard,4,7,2021-11-17,19:30,Finished,109,99
282,9782,2021,standard,20,23,2021-11-17,19:30,Finished,113,98
283,9783,2021,standard,24,26,2021-11-17,19:30,Finished,98,104
284,9784,2021,standard,21,17,2021-11-17,19:30,Finished,109,102
285,9785,2021,standard,22,30,2021-11-17,20:00,Finished,107,97
286,9786,2021,standard,25,14,2021-11-17,20:00,Finished,101,89
287,9787,2021,standard,28,8,2021-11-17,22:00,Finished,105,98
288,9788,2021,standard,29,6,2021-11-17,22:00,Finished,112,107
289,9789,2021,standard,7,11,2021-11-18,19:30,Finished,89,104
290,9790,2021,standard,20,41,2021-11-18,19:30,Finished,112,97
291,9791,2021,standard,19,16,2021-11-18,20:00,Finished,120,108
292,9792,2021,standard,22,31,2021-11-18,20:00,Finished,115,90
293,9793,2021,standard,9,27,2021-11-18,21:00,Finished,89,103
294,9794,2021,standard,40,38,2021-11-18,21:00,Finished,119,103
295,9795,2021,standard,5,15,2021-11-19,19:00,Finished,121,118
296,9796,2021,standard,10,11,2021-11-19,19:00,Finished,102,105
297,9797,2021,standard,2,17,2021-11-19,19:30,Finished,130,108
298,9798,2021,standard,4,26,2021-11-19,19:30,Finished,115,113
299,9799,2021,standard,21,25,2021-11-19,20:00,Finished,96,89
300,9800,2021,standard,23,16,2021-11-19,20:00,Finished,94,81
301,9801,2021,standard,9,6,2021-11-19,21:00,Finished,108,114
302,9802,2021,standard,28,8,2021-11-19,22:00,Finished,112,104
303,9803,2021,standard,30,38,2021-11-19,22:00,Finished,89,108
304,9804,2021,standard,24,14,2021-11-20,17:00,Finished,106,99
305,9805,2021,standard,15,23,2021-11-20,19:00,Finished,111,94
306,9806,2021,standard,41,20,2021-11-20,19:00,Finished,103,100
307,9807,2021,standard,1,5,2021-11-20,19:30,Finished,115,105
308,9808,2021,standard,2,25,2021-11-20,19:30,Finished,111,105
309,9809,2021,standard,21,26,2021-11-20,20:00,Finished,117,108
310,9810,2021,standard,22,19,2021-11-20,20:00,Finished,138,95
311,9811,2021,standard,29,27,2021-11-20,22:00,Finished,118,111
312,9812,2021,standard,30,40,2021-11-20,22:00,Finished,105,123
313,9813,2021,standard,16,8,2021-11-21,15:30,Finished,97,91
314,9814,2021,standard,10,17,2021-11-21,18:00,Finished,116,121
315,9815,2021,standard,6,24,2021-11-21,20:00,Finished,109,103
316,9816,2021,standard,28,9,2021-11-21,20:00,Finished,126,97
317,9817,2021,standard,11,38,2021-11-21,20:30,Finished,119,104
318,9818,2021,standard,7,4,2021-11-22,19:00,Finished,112,117
319,9819,2021,standard,41,5,2021-11-22,19:00,Finished,103,109
320,9820,2021,standard,1,25,2021-11-22,19:30,Finished,113,101
321,9821,2021,standard,2,14,2021-11-22,19:30,Finished,108,90
322,9822,2021,standard,6,15,2021-11-22,20:00,Finished,77,109
323,9823,2021,standard,21,26,2021-11-22,20:00,Finished,123,92
324,9824,2021,standard,23,22,2021-11-22,20:00,Finished,96,110
325,9825,2021,standard,31,28,2021-11-22,20:30,Finished,111,115
326,9826,2021,standard,40,19,2021-11-22,21:00,Finished,118,119
327,9827,2021,standard,30,27,2021-11-22,22:00,Finished,94,102
328,9828,2021,standard,10,20,2021-11-23,19:00,Finished,92,100
329,9829,2021,standard,24,17,2021-11-23,19:30,Finished,106,100
330,9830,2021,standard,29,9,2021-11-23,22:00,Finished,119,100
331,9831,2021,standard,16,8,2021-11-23,22:30,Finished,104,112
332,9832,2021,standard,7,28,2021-11-24,19:00,Finished,115,120
333,9833,2021,standard,15,17,2021-11-24,19:00,Finished,116,124
334,9834,2021,standard,26,5,2021-11-24,19:00,Finished,99,106
335,9835,2021,standard,2,4,2021-11-24,19:30,Finished,104,123
336,9836,2021,standard,14,6,2021-11-24,20:00,Finished,118,113
337,9837,2021,standard,19,38,2021-11-24,20:00,Finished,113,126
338,9838,2021,standard,21,10,2021-11-24,20:00,Finished,114,93
339,9839,2021,standard,22,20,2021-11-24,20:00,Finished,113,101
340,9840,2021,standard,23,41,2021-11-24,20:00,Finished,127,102
341,9841,2021,standard,25,40,2021-11-24,20:00,Finished,104,110
342,9842,2021,standard,31,1,2021-11-24,20:30,Finished,106,124
343,9843,2021,standard,11,27,2021-11-24,22:00,Finished,116,96
344,9844,2021,standard,30,29,2021-11-24,22:00,Finished,125,121
345,9845,2021,standard,16,10,2021-11-26,15:30,Finished,107,96
346,9846,2021,standard,5,22,2021-11-26,19:00,Finished,133,115
347,9847,2021,standard,24,28,2021-11-26,19:00,Finished,97,118
348,9848,2021,standard,26,6,2021-11-26,19:00,Finished,88,123
349,9849,2021,standard,15,38,2021-11-26,20:00,Finished,114,97
350,9850,2021,standard,19,1,2021-11-26,20:00,Finished,100,132
351,9851,2021,standard,25,41,2021-11-26,20:00,Finished,99,101
352,9852,2021,standard,31,2,2021-11-26,20:30,Finished,96,88
353,9853,2021,standard,9,21,2021-11-26,21:00,Finished,109,120
354,9854,2021,standard,40,23,2021-11-26,21:00,Finished,97,98
355,9855,2021,standard,11,29,2021-11-26,22:00,Finished,118,103
356,9856,2021,standard,17,30,2021-11-26,22:30,Finished,137,141
357,9857,2021,standard,27,22,2021-11-27,18:00,Finished,120,121
358,9858,2021,standard,1,24,2021-11-27,19:30,Finished,90,99
359,9859,2021,standard,4,28,2021-11-27,19:30,Finished,107,113
360,9860,2021,standard,7,26,2021-11-27,20:00,Finished,105,92
361,9861,2021,standard,6,20,2021-11-27,20:00,Finished,104,107
362,9862,2021,standard,14,5,2021-11-27,20:00,Finished,146,143
363,9863,2021,standard,8,41,2021-11-27,20:30,Finished,114,120
364,9864,2021,standard,40,23,2021-11-27,21:00,Finished,127,105
365,9865,2021,standard,16,11,2021-11-28,15:30,Finished,90,105
366,9866,2021,standard,15,21,2021-11-28,17:00,Finished,100,118
367,9867,2021,standard,38,2,2021-11-28,18:00,Finished,97,109
368,9868,2021,standard,19,30,2021-11-28,18:00,Finished,128,101
369,9869,2021,standard,17,10,2021-11-28,21:30,Finished,110,106
370,9870,2021,standard,27,26,2021-11-29,19:00,Finished,101,96
371,9871,2021,standard,20,9,2021-11-29,19:30,Finished,111,120
372,9094,2021,standard,14,25,2021-11-29,20:00,Finished,102,89
373,9095,2021,standard,22,15,2021-11-29,20:00,Finished,100,98
374,9872,2021,standard,6,5,2021-11-29,20:00,Finished,133,119
375,9096,2021,standard,8,7,2021-11-29,20:30,Finished,96,114
376,9097,2021,standard,31,41,2021-11-29,20:30,Finished,116,99
377,9098,2021,standard,40,29,2021-11-29,21:00,Finished,129,107
378,9099,2021,standard,16,23,2021-11-29,22:30,Finished,104,123
379,9100,2021,standard,4,24,2021-11-30,19:30,Finished,112,110
380,9101,2021,standard,38,19,2021-11-30,19:30,Finished,91,98
381,9102,2021,standard,28,11,2021-11-30,22:00,Finished,104,96
382,9103,2021,standard,29,10,2021-11-30,22:00,Finished,110,92
383,9104,2021,standard,30,17,2021-11-30,22:00,Finished,92,117
384,9105,2021,standard,15,1,2021-12-01,19:00,Finished,111,114
385,9106,2021,standard,26,9,2021-12-01,19:00,Finished,108,103
386,9107,2021,standard,41,22,2021-12-01,19:00,Finished,115,107
387,9108,2021,standard,2,27,2021-12-01,19:30,Finished,88,87
388,9109,2021,standard,20,7,2021-12-01,19:30,Finished,85,111
389,9110,2021,standard,21,5,2021-12-01,20:00,Finished,127,125
390,9111,2021,standard,23,8,2021-12-01,20:00,Finished,107,139
391,9112,2021,standard,25,14,2021-12-01,20:00,Finished,110,114
392,9113,2021,standard,16,30,2021-12-01,22:30,Finished,115,124
393,9114,2021,standard,24,6,2021-12-02,19:30,Finished,115,119
394,9115,2021,standard,38,21,2021-12-02,19:30,Finished,97,93
395,9116,2021,standard,19,25,2021-12-02,20:00,Finished,152,79
396,9117,2021,standard,28,10,2021-12-02,21:00,Finished,114,103
397,9118,2021,standard,29,31,2021-12-02,22:00,Finished,83,114
398,9119,2021,standard,15,20,2021-12-03,19:00,Finished,104,113
399,9120,2021,standard,41,7,2021-12-03,19:00,Finished,101,116
400,9121,2021,standard,1,27,2021-12-03,19:30,Finished,96,98
401,9122,2021,standard,4,22,2021-12-03,19:30,Finished,110,105
402,9123,2021,standard,14,26,2021-12-03,20:00,Finished,118,116
403,9124,2021,standard,8,23,2021-12-03,20:30,Finished,91,107
404,9125,2021,standard,40,2,2021-12-03,21:00,Finished,137,130
405,9126,2021,standard,11,28,2021-12-03,22:00,Finished,118,96
406,9127,2021,standard,17,16,2021-12-03,22:00,Finished,115,119
407,9128,2021,standard,24,9,2021-12-04,13:00,Finished,99,113
408,9129,2021,standard,4,6,2021-12-04,20:00,Finished,107,111
409,9130,2021,standard,21,20,2021-12-04,20:00,Finished,124,102
410,9131,2021,standard,8,19,2021-12-04,20:30,Finished,90,97
411,9132,2021,standard,11,31,2021-12-04,20:30,Finished,107,112
412,9133,2021,standard,29,2,2021-12-04,22:00,Finished,117,145
413,9134,2021,standard,30,16,2021-12-04,22:00,Finished,104,99
414,9135,2021,standard,7,40,2021-12-05,15:30,Finished,108,109
415,9136,2021,standard,1,5,2021-12-05,18:00,Finished,127,130
416,9137,2021,standard,38,41,2021-12-05,18:00,Finished,102,90
417,9138,2021,standard,14,23,2021-12-05,19:00,Finished,118,108
418,9139,2021,standard,5,27,2021-12-06,19:00,Finished,124,127
419,9140,2021,standard,10,25,2021-12-06,19:00,Finished,103,114
420,9141,2021,standard,15,41,2021-12-06,19:00,Finished,116,110
421,9142,2021,standard,20,19,2021-12-06,19:30,Finished,90,105
422,9143,2021,standard,6,9,2021-12-06,20:00,Finished,109,97
423,9144,2021,standard,21,7,2021-12-06,20:00,Finished,112,104
424,9145,2021,standard,22,1,2021-12-06,20:00,Finished,110,121
425,9146,2021,standard,28,31,2021-12-06,21:00,Finished,108,104
426,9147,2021,standard,11,26,2021-12-06,22:00,Finished,126,95
427,9148,2021,standard,29,16,2021-12-06,22:00,Finished,90,102
428,9149,2021,standard,8,4,2021-12-07,19:30,Finished,99,102
429,9150,2021,standard,31,24,2021-12-07,20:30,Finished,109,121
430,9151,2021,standard,17,2,2021-12-07,22:00,Finished,117,102
431,9152,2021,standard,5,27,2021-12-08,19:00,Finished,106,110
432,9153,2021,standard,7,6,2021-12-08,19:00,Finished,115,92
433,9154,2021,standard,10,41,2021-12-08,19:00,Finished,116,119
434,9155,2021,standard,15,24,2021-12-08,19:00,Finished,122,102
435,9156,2021,standard,20,21,2021-12-08,19:30,Finished,113,104
436,9157,2021,standard,38,25,2021-12-08,19:30,Finished,109,110
437,9158,2021,standard,14,4,2021-12-08,20:00,Finished,114,104
438,9159,2021,standard,19,8,2021-12-08,20:00,Finished,96,104
439,9160,2021,standard,22,40,2021-12-08,20:00,Finished,104,136
440,9940,2021,standard,23,9,2021-12-08,20:00,Finished,114,120
441,9163,2021,standard,30,26,2021-12-08,22:00,Finished,142,130
442,9941,2021,standard,11,29,2021-12-08,22:00,Finished,104,94
443,9164,2021,standard,16,2,2021-12-08,22:30,Finished,114,111
444,9165,2021,standard,27,40,2021-12-09,19:00,Finished,96,118
445,9166,2021,standard,19,17,2021-12-09,20:00,Finished,108,95
446,9167,2021,standard,31,9,2021-12-09,20:30,Finished,123,111
447,9168,2021,standard,5,30,2021-12-10,19:00,Finished,124,123
448,9169,2021,standard,15,8,2021-12-10,19:00,Finished,106,93
449,9170,2021,standard,1,4,2021-12-10,19:30,Finished,105,113
450,9171,2021,standard,38,24,2021-12-10,19:30,Finished,90,87
451,9172,2021,standard,14,21,2021-12-10,20:00,Finished,114,123
452,9173,2021,standard,22,7,2021-12-10,20:00,Finished,106,123
453,9174,2021,standard,23,10,2021-12-10,20:00,Finished,109,93
454,9175,2021,standard,25,17,2021-12-10,20:00,Finished,95,116
455,9176,2021,standard,28,2,2021-12-10,22:00,Finished,111,90
456,9177,2021,standard,16,26,2021-12-11,15:30,Finished,106,104
457,9178,2021,standard,41,40,2021-12-11,19:00,Finished,98,123
458,9179,2021,standard,7,30,2021-12-11,20:00,Finished,117,103
459,9180,2021,standard,20,6,2021-12-11,20:00,Finished,118,92
460,9181,2021,standard,19,14,2021-12-11,20:00,Finished,113,106
461,9182,2021,standard,27,11,2021-12-11,20:30,Finished,102,93
462,9183,2021,standard,31,9,2021-12-11,20:30,Finished,112,127
463,9184,2021,standard,24,21,2021-12-12,12:00,Finished,97,112
464,9185,2021,standard,10,4,2021-12-12,18:00,Finished,104,116
465,9186,2021,standard,25,8,2021-12-12,19:00,Finished,84,103
466,9187,2021,standard,31,23,2021-12-12,19:00,Finished,112,97
467,9188,2021,standard,29,22,2021-12-12,21:00,Finished,111,116
468,9189,2021,standard,17,26,2021-12-12,21:30,Finished,106,94
469,9190,2021,standard,7,20,2021-12-13,19:00,Finished,105,94
470,9191,2021,standard,15,11,2021-12-13,19:00,Finished,100,102
471,9192,2021,standard,38,30,2021-12-13,19:00,Finished,124,101
472,9193,2021,standard,1,14,2021-12-13,19:30,Finished,126,132
473,9194,2021,standard,2,21,2021-12-13,19:30,Finished,117,103
474,9195,2021,standard,19,27,2021-12-13,20:00,Finished,126,91
475,9196,2021,standard,8,5,2021-12-13,20:30,Finished,120,96
476,9197,2021,standard,9,41,2021-12-13,21:00,Finished,113,107
477,9198,2021,standard,16,28,2021-12-13,22:30,Finished,111,95
478,9199,2021,standard,4,38,2021-12-14,19:30,Finished,131,129
479,9200,2021,standard,24,11,2021-12-14,19:30,Finished,96,105
480,9202,2021,standard,29,28,2021-12-14,22:00,Finished,107,111
481,9203,2021,standard,7,14,2021-12-15,19:00,Finished,124,89
482,9204,2021,standard,26,1,2021-12-15,19:00,Finished,99,111
483,9205,2021,standard,27,20,2021-12-15,19:00,Finished,96,101
484,9206,2021,standard,8,17,2021-12-15,19:30,Finished,104,107
485,9207,2021,standard,21,15,2021-12-15,20:00,Finished,114,99
486,9208,2021,standard,25,23,2021-12-15,20:00,Finished,110,113
487,9988,2021,standard,31,5,2021-12-15,20:30,Finished,115,131
488,9210,2021,standard,9,22,2021-12-15,21:00,Finished,107,124
489,9211,2021,standard,40,16,2021-12-15,22:00,Finished,124,103
490,9212,2021,standard,29,19,2021-12-15,22:00,Finished,103,113
491,9213,2021,standard,30,41,2021-12-15,22:00,Finished,119,105
492,9214,2021,standard,15,10,2021-12-16,19:00,Finished,122,113
493,9215,2021,standard,4,27,2021-12-16,19:30,Finished,114,105
494,9217,2021,standard,14,24,2021-12-16,20:00,Finished,103,116
495,9218,2021,standard,28,41,2021-12-16,21:00,Finished,118,98
496,9219,2021,standard,26,20,2021-12-17,19:00,Finished,105,115
497,9220,2021,standard,1,9,2021-12-17,19:30,Finished,115,133
498,9221,2021,standard,2,11,2021-12-17,19:30,Finished,107,111
499,9224,2021,standard,23,21,2021-12-17,20:00,Finished,116,112
500,9223,2021,standard,40,31,2021-12-17,21:00,Finished,126,128
501,9222,2021,standard,22,17,2021-12-17,22:00,Finished,110,92
502,9225,2021,standard,29,5,2021-12-17,22:00,Finished,125,116
503,9226,2021,standard,30,19,2021-12-17,22:00,Finished,105,124
504,9227,2021,standard,10,14,2021-12-18,12:00,Finished,107,116
505,10010,2021,standard,2,24,2021-12-18,19:00,Finished,114,107
506,10007,2021,standard,4,26,2021-12-18,19:30,Finished,93,100
507,10008,2021,standard,38,11,2021-12-18,19:30,Finished,119,100
508,10009,2021,standard,25,16,2021-12-18,20:00,Finished,104,103
509,10011,2021,standard,21,7,2021-12-18,21:00,Finished,90,119
510,10012,2021,standard,40,41,2021-12-18,21:00,Finished,103,109
511,10014,2021,standard,10,20,2021-12-19,18:00,Finished,100,90
512,10015,2021,standard,19,29,2021-12-19,18:00,Finished,100,105
513,10016,2021,standard,30,31,2021-12-19,18:00,Finished,121,114
514,10013,2021,standard,6,17,2021-12-19,20:00,Finished,115,110
515,10020,2021,standard,22,8,2021-12-19,20:00,Finished,111,105
516,10021,2021,standard,28,5,2021-12-19,20:00,Finished,137,106
517,10022,2021,standard,2,27,2021-12-20,19:30,Finished,103,108
518,10024,2021,standard,6,14,2021-12-20,20:00,Finished,133,118
519,10025,2021,standard,19,25,2021-12-20,20:00,Finished,99,102
520,10026,2021,standard,40,5,2021-12-20,21:00,Finished,112,102
521,10027,2021,standard,11,30,2021-12-20,22:00,Finished,113,98
522,10028,2021,standard,16,31,2021-12-20,22:30,Finished,92,116
523,10030,2021,standard,20,15,2021-12-21,19:30,Finished,125,96
524,10031,2021,standard,24,10,2021-12-21,19:30,Finished,105,91
525,10032,2021,standard,23,29,2021-12-21,20:00,Finished,111,97
526,10033,2021,standard,8,22,2021-12-21,20:30,Finished,114,102
527,10034,2021,standard,17,28,2021-12-21,22:00,Finished,90,108
528,10035,2021,standard,1,26,2021-12-22,19:30,Finished,98,104
529,10036,2021,standard,2,7,2021-12-22,19:30,Finished,111,101
530,10038,2021,standard,21,14,2021-12-22,20:00,Finished,126,106
531,10039,2021,standard,25,9,2021-12-22,20:00,Finished,108,94
532,10040,2021,standard,30,16,2021-12-22,22:00,Finished,89,105
533,10041,2021,standard,15,14,2021-12-23,19:00,Finished,118,106
534,10042,2021,standard,26,23,2021-12-23,19:00,Finished,104,110
535,10043,2021,standard,27,1,2021-12-23,19:00,Finished,96,98
536,10044,2021,standard,20,10,2021-12-23,19:30,Finished,115,112
537,10045,2021,standard,24,41,2021-12-23,19:30,Finished,117,124
538,10046,2021,standard,8,21,2021-12-23,20:30,Finished,95,102
539,10047,2021,standard,9,5,2021-12-23,21:00,Finished,107,115
540,10048,2021,standard,28,25,2021-12-23,21:00,Finished,113,101
541,10049,2021,standard,40,22,2021-12-23,21:00,Finished,128,116
542,10050,2021,standard,11,19,2021-12-23,22:00,Finished,113,104
543,10052,2021,standard,17,31,2021-12-23,22:30,Finished,110,138
544,10053,2021,standard,24,1,2021-12-25,12:00,Finished,101,87
545,10054,2021,standard,21,2,2021-12-25,14:30,Finished,117,113
546,10055,2021,standard,28,11,2021-12-25,17:00,Finished,107,116
547,10056,2021,standard,17,4,2021-12-25,20:00,Finished,115,122
548,10057,2021,standard,40,8,2021-12-25,22:30,Finished,120,116
549,10058,2021,standard,20,26,2021-12-26,15:30,Finished,93,83
550,10059,2021,standard,7,38,2021-12-26,18:00,Finished,144,99
551,10060,2021,standard,41,27,2021-12-26,18:00,Finished,96,117
552,10061,2021,standard,30,19,2021-12-26,18:00,Finished,102,127
553,10062,2021,standard,25,23,2021-12-26,19:00,Finished,117,112
554,10063,2021,standard,31,10,2021-12-26,19:00,Finished,144,109
555,10064,2021,standard,6,15,2021-12-26,20:00,Finished,113,105
556,10065,2021,standard,16,9,2021-12-26,21:00,Finished,100,103
557,10066,2021,standard,5,14,2021-12-27,19:00,Finished,123,99
558,10067,2021,standard,1,6,2021-12-27,19:30,Finished,118,130
559,10068,2021,standard,22,2,2021-12-27,20:00,Finished,108,103
560,10069,2021,standard,31,40,2021-12-27,20:30,Finished,104,110
561,10070,2021,standard,28,19,2021-12-27,21:00,Finished,113,114
562,10071,2021,standard,29,8,2021-12-27,22:00,Finished,117,132
563,10072,2021,standard,16,4,2021-12-27,22:30,Finished,108,124
564,10073,2021,standard,26,21,2021-12-28,19:00,Finished,110,127
565,10074,2021,standard,20,41,2021-12-28,19:30,Finished,119,112
566,10075,2021,standard,38,27,2021-12-28,19:30,Finished,109,114
567,10076,2021,standard,14,17,2021-12-28,20:00,Finished,123,132
568,10077,2021,standard,22,24,2021-12-28,20:00,Finished,88,96
569,10078,2021,standard,23,7,2021-12-28,20:00,Finished,108,104
570,10079,2021,standard,11,9,2021-12-28,22:00,Finished,86,89
571,10080,2021,standard,30,25,2021-12-28,22:00,Finished,117,111
572,10081,2021,standard,10,24,2021-12-29,19:00,Finished,85,94
573,10082,2021,standard,15,5,2021-12-29,19:00,Finished,108,116
574,10083,2021,standard,2,16,2021-12-29,19:30,Finished,82,91
575,10084,2021,standard,6,1,2021-12-29,20:00,Finished,131,117
576,10085,2021,standard,19,17,2021-12-29,20:00,Finished,104,99
577,10087,2021,standard,28,25,2021-12-29,21:00,Finished,115,97
578,9309,2021,standard,29,40,2021-12-29,22:00,Finished,105,120
579,9310,2021,standard,30,8,2021-12-29,22:30,Finished,95,94
580,9311,2021,standard,4,27,2021-12-30,19:00,Finished,102,110
581,9312,2021,standard,26,21,2021-12-30,19:00,Finished,118,136
582,9313,2021,standard,41,7,2021-12-30,19:00,Finished,110,93
583,9315,2021,standard,2,28,2021-12-31,13:00,Finished,123,108
584,9316,2021,standard,15,6,2021-12-31,15:00,Finished,106,108
585,9317,2021,standard,30,8,2021-12-31,18:00,Finished,96,112
586,9318,2021,standard,14,20,2021-12-31,19:00,Finished,110,120
587,9319,2021,standard,7,1,2021-12-31,19:30,Finished,118,121
588,9320,2021,standard,38,16,2021-12-31,19:30,Finished,116,108
589,10100,2021,standard,19,31,2021-12-31,20:00,Finished,118,105
590,10101,2021,standard,25,24,2021-12-31,20:00,Finished,95,80
591,10102,2021,standard,40,22,2021-12-31,21:00,Finished,120,108
592,10103,2021,standard,17,29,2021-12-31,22:30,Finished,139,106
593,10104,2021,standard,21,23,2022-01-01,18:30,Finished,136,113
594,10105,2021,standard,10,31,2022-01-01,19:00,Finished,117,116
595,10106,2021,standard,41,6,2022-01-01,19:00,Finished,119,120
596,10107,2021,standard,4,16,2022-01-01,19:30,Finished,116,120
597,10108,2021,standard,14,9,2022-01-01,20:00,Finished,111,124
598,10109,2021,standard,40,11,2022-01-01,21:00,Finished,116,123
599,10110,2021,standard,38,24,2022-01-02,15:30,Finished,120,105
600,10111,2021,standard,2,26,2022-01-02,18:00,Finished,116,111
601,10112,2021,standard,7,15,2022-01-02,18:00,Finished,108,104
602,10113,2021,standard,30,20,2022-01-02,18:00,Finished,115,113
603,10114,2021,standard,5,28,2022-01-02,19:00,Finished,99,133
604,10115,2021,standard,25,8,2022-01-02,19:00,Finished,86,95
605,10116,2021,standard,17,22,2022-01-02,21:30,Finished,108,103
606,10117,2021,standard,27,14,2022-01-03,19:00,Finished,133,113
607,10118,2021,standard,41,5,2022-01-03,19:00,Finished,124,121
608,10119,2021,standard,4,19,2022-01-03,19:30,Finished,104,118
609,10120,2021,standard,6,26,2022-01-03,20:00,Finished,102,98
610,10121,2021,standard,21,10,2022-01-03,20:00,Finished,106,115
611,10122,2021,standard,23,40,2022-01-03,20:00,Finished,104,115
612,10123,2021,standard,8,9,2022-01-03,20:30,Finished,103,89
613,10124,2021,standard,11,20,2022-01-03,22:00,Finished,115,108
614,10125,2021,standard,29,1,2022-01-03,22:00,Finished,136,131
615,10126,2021,standard,16,22,2022-01-03,22:30,Finished,104,122
616,10127,2021,standard,7,19,2022-01-04,19:00,Finished,106,110
617,10128,2021,standard,38,31,2022-01-04,19:00,Finished,129,104
618,10129,2021,standard,24,15,2022-01-04,19:30,Finished,104,94
619,10130,2021,standard,23,28,2022-01-04,20:00,Finished,110,123
620,10131,2021,standard,17,30,2022-01-04,22:30,Finished,122,114
621,10132,2021,standard,5,10,2022-01-05,19:00,Finished,140,111
622,10133,2021,standard,26,27,2022-01-05,19:00,Finished,106,116
623,10134,2021,standard,41,14,2022-01-05,19:00,Finished,111,114
624,10135,2021,standard,2,31,2022-01-05,19:30,Finished,97,99
625,10136,2021,standard,15,4,2022-01-05,19:30,Finished,121,129
626,10137,2021,standard,8,11,2022-01-05,19:30,Finished,99,82
627,10138,2021,standard,21,38,2022-01-05,20:00,Finished,111,117
628,10139,2021,standard,22,25,2022-01-05,20:00,Finished,98,90
629,10140,2021,standard,9,40,2022-01-05,22:00,Finished,109,115
630,10141,2021,standard,29,20,2022-01-05,22:00,Finished,109,115
631,10142,2021,standard,30,1,2022-01-05,22:00,Finished,102,108
632,10143,2021,standard,24,2,2022-01-06,19:30,Finished,108,105
633,10144,2021,standard,19,10,2022-01-06,20:00,Finished,118,88
634,10145,2021,standard,23,11,2022-01-06,20:00,Finished,101,96
635,10146,2021,standard,28,16,2022-01-06,22:00,Finished,106,89
636,10147,2021,standard,27,31,2022-01-07,19:00,Finished,119,100
637,10148,2021,standard,4,21,2022-01-07,19:30,Finished,109,121
638,10149,2021,standard,38,40,2022-01-07,19:30,Finished,122,108
639,10150,2021,standard,6,41,2022-01-07,20:00,Finished,130,122
640,10151,2021,standard,14,8,2022-01-07,20:00,Finished,106,130
641,10152,2021,standard,25,22,2022-01-07,20:00,Finished,105,135
642,10153,2021,standard,9,30,2022-01-07,21:00,Finished,121,111
643,10154,2021,standard,17,1,2022-01-07,22:00,Finished,134,118
644,10155,2021,standard,29,7,2022-01-07,22:00,Finished,101,114
645,10156,2021,standard,16,19,2022-01-08,15:30,Finished,108,123
646,10157,2021,standard,5,21,2022-01-08,19:00,Finished,114,106
647,10158,2021,standard,10,26,2022-01-08,19:00,Finished,97,92
648,10159,2021,standard,15,40,2022-01-08,19:00,Finished,125,113
649,10160,2021,standard,2,24,2022-01-08,19:30,Finished,99,75
650,10161,2021,standard,28,20,2022-01-08,21:00,Finished,100,123
651,10167,2021,standard,4,31,2022-01-09,12:00,Finished,121,119
652,10162,2021,standard,16,1,2022-01-09,15:30,Finished,106,93
653,10163,2021,standard,26,41,2022-01-09,18:00,Finished,100,102
654,10164,2021,standard,38,23,2022-01-09,18:00,Finished,105,101
655,10165,2021,standard,14,22,2022-01-09,19:00,Finished,123,141
656,10166,2021,standard,25,9,2022-01-09,19:00,Finished,95,99
657,10168,2021,standard,8,6,2022-01-09,19:30,Finished,113,99
658,10169,2021,standard,11,7,2022-01-09,20:30,Finished,96,82
659,10170,2021,standard,29,30,2022-01-09,21:00,Finished,103,88
660,10171,2021,standard,17,19,2022-01-09,21:30,Finished,119,127
661,10172,2021,standard,5,21,2022-01-10,19:00,Finished,103,99
662,10173,2021,standard,10,40,2022-01-10,19:00,Finished,126,116
663,10174,2021,standard,2,15,2022-01-10,19:30,Finished,101,98
664,10175,2021,standard,24,31,2022-01-10,19:30,Finished,111,96
665,10276,2021,standard,14,27,2022-01-10,20:00,Finished,91,111
666,10051,2021,standard,29,4,2022-01-10,22:00,Finished,114,108
667,10176,2021,standard,30,7,2022-01-10,22:00,Finished,108,109
668,10177,2021,standard,41,25,2022-01-11,19:00,Finished,122,118
669,10178,2021,standard,38,28,2022-01-11,19:30,Finished,95,99
670,10179,2021,standard,19,11,2022-01-11,20:00,Finished,116,108
671,10180,2021,standard,23,22,2022-01-11,20:00,Finished,128,125
672,9201,2021,standard,6,10,2022-01-11,20:00,Finished,133,87
673,10181,2021,standard,16,9,2022-01-11,22:30,Finished,87,85
674,10183,2021,standard,15,2,2022-01-12,19:00,Finished,100,119
675,10184,2021,standard,27,5,2022-01-12,19:00,Finished,98,109
676,10185,2021,standard,41,26,2022-01-12,19:00,Finished,112,106
677,10186,2021,standard,1,20,2022-01-12,19:30,Finished,91,115
678,10187,2021,standard,24,8,2022-01-12,19:30,Finished,108,85
679,10188,2021,standard,31,14,2022-01-12,20:30,Finished,124,128
680,10189,2021,standard,40,7,2022-01-12,21:00,Finished,91,111
681,10190,2021,standard,6,4,2022-01-12,22:00,Finished,112,138
682,10191,2021,standard,30,17,2022-01-12,22:00,Finished,125,116
683,10192,2021,standard,21,11,2022-01-13,19:30,Finished,118,99
684,10193,2021,standard,19,22,2022-01-13,20:00,Finished,116,108
685,10194,2021,standard,23,16,2022-01-13,20:00,Finished,113,89
686,10195,2021,standard,4,25,2022-01-13,20:30,Finished,109,130
687,10196,2021,standard,9,29,2022-01-13,22:00,Finished,140,108
688,10197,2021,standard,5,26,2022-01-14,19:00,Finished,109,116
689,10198,2021,standard,10,38,2022-01-14,19:00,Finished,103,87
690,10199,2021,standard,15,28,2022-01-14,19:00,Finished,94,112
691,10200,2021,standard,27,2,2022-01-14,19:00,Finished,111,99
692,10202,2021,standard,6,11,2022-01-14,19:30,Finished,96,138
693,10201,2021,standard,20,1,2022-01-14,20:00,Finished,124,118
694,10203,2021,standard,31,7,2022-01-14,20:30,Finished,109,114
695,10204,2021,standard,19,8,2022-01-14,22:00,Finished,85,112
696,10205,2021,standard,30,14,2022-01-14,22:00,Finished,126,114
697,10206,2021,standard,21,38,2022-01-15,18:30,Finished,96,103
698,10207,2021,standard,41,29,2022-01-15,19:00,Finished,110,115
699,10208,2021,standard,1,24,2022-01-15,19:30,Finished,108,117
700,10209,2021,standard,4,23,2022-01-15,19:30,Finished,120,105
701,10210,2021,standard,20,27,2022-01-15,20:00,Finished,98,109
702,10211,2021,standard,25,7,2022-01-15,20:00,Finished,102,107
703,10212,2021,standard,2,6,2022-01-15,20:30,Finished,114,112
704,10213,2021,standard,31,16,2022-01-15,20:30,Finished,101,94
705,10214,2021,standard,9,17,2022-01-15,21:00,Finished,133,96
706,10215,2021,standard,8,26,2022-01-15,21:30,Finished,108,92
707,10182,2021,standard,10,28,2022-01-16,13:00,Finished,108,135
708,10216,2021,standard,30,14,2022-01-16,18:00,Finished,112,118
709,10217,2021,standard,22,11,2022-01-16,20:00,Finished,119,99
710,10218,2021,standard,9,40,2022-01-16,20:00,Finished,102,125
711,10219,2021,standard,2,23,2022-01-17,12:30,Finished,104,92
712,10220,2021,standard,24,5,2022-01-17,13:00,Finished,87,97
713,10221,2021,standard,41,27,2022-01-17,14:00,Finished,117,98
714,10222,2021,standard,7,4,2022-01-17,15:00,Finished,114,107
715,10223,2021,standard,19,6,2022-01-17,15:30,Finished,119,106
716,10224,2021,standard,16,15,2022-01-17,15:30,Finished,139,133
717,10225,2021,standard,1,21,2022-01-17,18:00,Finished,121,114
718,10226,2021,standard,26,29,2022-01-17,19:00,Finished,88,98
719,10227,2021,standard,20,38,2022-01-17,19:30,Finished,104,99
720,10228,2021,standard,8,25,2022-01-17,20:30,Finished,104,102
721,10229,2021,standard,31,28,2022-01-17,20:30,Finished,107,121
722,10230,2021,standard,17,40,2022-01-17,22:30,Finished,101,95
723,10231,2021,standard,24,22,2022-01-18,19:30,Scheduled,,
724,10232,2021,standard,11,10,2022-01-18,22:00,Scheduled,,
725,10233,2021,standard,27,26,2022-01-19,19:00,Scheduled,,
726,10234,2021,standard,41,4,2022-01-19,19:00,Scheduled,,
727,10235,2021,standard,1,22,2022-01-19,19:30,Scheduled,,
728,10236,2021,standard,2,5,2022-01-19,19:30,Scheduled,,
729,10237,2021,standard,20,29,2022-01-19,19:30,Scheduled,,
730,10238,2021,standard,6,7,2022-01-19,20:00,Scheduled,,
731,10239,2021,standard,21,19,2022-01-19,20:00,Scheduled,,
732,10240,2021,standard,8,38,2022-01-19,20:30,Scheduled,,
733,10241,2021,standard,31,25,2022-01-19,20:30,Scheduled,,
734,10242,2021,standard,40,14,2022-01-19,21:00,Scheduled,,
735,10243,2021,standard,9,16,2022-01-19,22:00,Scheduled,,
736,10244,2021,standard,30,10,2022-01-19,22:00,Scheduled,,
737,10245,2021,standard,17,15,2022-01-19,22:30,Scheduled,,
738,10246,2021,standard,24,23,2022-01-20,19:30,Scheduled,,
739,10247,2021,standard,8,28,2022-01-20,19:30,Scheduled,,
740,10248,2021,standard,11,15,2022-01-20,22:00,Scheduled,,
741,10249,2021,standard,5,25,2022-01-21,19:00,Scheduled,,
742,10250,2021,standard,26,17,2022-01-21,19:00,Scheduled,,
743,10251,2021,standard,27,16,2022-01-21,19:00,Scheduled,,
744,10252,2021,standard,1,20,2022-01-21,19:30,Scheduled,,
745,10253,2021,standard,2,29,2022-01-21,19:30,Scheduled,,
746,10254,2021,standard,41,38,2022-01-21,20:00,Scheduled,,
747,10255,2021,standard,21,6,2022-01-21,20:00,Scheduled,,
748,10256,2021,standard,31,4,2022-01-21,20:30,Scheduled,,
749,10257,2021,standard,9,19,2022-01-21,21:00,Scheduled,,
750,10258,2021,standard,40,10,2022-01-21,21:00,Scheduled,,
751,10259,2021,standard,11,14,2022-01-21,22:00,Scheduled,,
752,10261,2021,standard,21,30,2022-01-22,19:00,Scheduled,,
753,10260,2021,standard,7,25,2022-01-22,20:00,Scheduled,,
754,10262,2021,standard,28,15,2022-01-22,21:00,Scheduled,,
755,10263,2021,standard,24,16,2022-01-23,13:00,Scheduled,,
756,10264,2021,standard,41,2,2022-01-23,15:30,Scheduled,,
757,10265,2021,standard,20,17,2022-01-23,18:00,Scheduled,,
758,10266,2021,standard,26,6,2022-01-23,18:00,Scheduled,,
759,10267,2021,standard,38,29,2022-01-23,18:00,Scheduled,,
760,10268,2021,standard,5,1,2022-01-23,19:00,Scheduled,,
761,10269,2021,standard,31,27,2022-01-23,19:00,Scheduled,,
762,10270,2021,standard,8,19,2022-01-23,19:30,Scheduled,,
763,10271,2021,standard,22,4,2022-01-23,20:00,Scheduled,,
764,10272,2021,standard,9,10,2022-01-23,20:00,Scheduled,,
765,10273,2021,standard,11,40,2022-01-23,20:30,Scheduled,,
766,10274,2021,standard,7,24,2022-01-24,19:00,Scheduled,,
767,10277,2021,standard,23,15,2022-01-24,20:00,Scheduled,,
768,10295,2021,standard,25,6,2022-01-24,20:00,Scheduled,,
769,10278,2021,standard,28,40,2022-01-24,21:00,Scheduled,,
770,10019,2021,standard,27,23,2022-01-25,19:00,Scheduled,,
771,10279,2021,standard,10,9,2022-01-25,19:00,Scheduled,,
772,10280,2021,standard,38,5,2022-01-25,19:00,Scheduled,,
773,10281,2021,standard,41,16,2022-01-25,19:00,Scheduled,,
774,10282,2021,standard,2,30,2022-01-25,19:30,Scheduled,,
775,10283,2021,standard,4,17,2022-01-25,19:30,Scheduled,,
776,10284,2021,standard,14,31,2022-01-25,20:00,Scheduled,,
777,10285,2021,standard,11,8,2022-01-25,22:00,Scheduled,,
778,10286,2021,standard,29,22,2022-01-25,22:00,Scheduled,,
779,10287,2021,standard,7,21,2022-01-26,19:00,Scheduled,,
780,10288,2021,standard,15,5,2022-01-26,19:00,Scheduled,,
781,10289,2021,standard,26,16,2022-01-26,19:00,Scheduled,,
782,10018,2021,standard,4,9,2022-01-26,19:30,Scheduled,,
783,10290,2021,standard,1,30,2022-01-26,19:30,Scheduled,,
784,10292,2021,standard,20,24,2022-01-26,19:30,Scheduled,,
785,10293,2021,standard,31,19,2022-01-26,19:30,Scheduled,,
786,10037,2021,standard,6,38,2022-01-26,20:00,Scheduled,,
787,10296,2021,standard,40,28,2022-01-26,22:00,Scheduled,,
788,10297,2021,standard,29,8,2022-01-26,22:00,Scheduled,,
789,10298,2021,standard,27,17,2022-01-27,19:30,Scheduled,,
790,10299,2021,standard,11,22,2022-01-27,22:00,Scheduled,,
791,10300,2021,standard,5,17,2022-01-28,19:00,Scheduled,,
792,10301,2021,standard,26,10,2022-01-28,19:00,Scheduled,,
793,10302,2021,standard,1,2,2022-01-28,19:30,Scheduled,,
794,10294,2021,standard,23,9,2022-01-28,20:00,Scheduled,,
795,10303,2021,standard,20,16,2022-01-28,20:00,Scheduled,,
796,10304,2021,standard,14,29,2022-01-28,20:00,Scheduled,,
797,10305,2021,standard,19,40,2022-01-28,20:00,Scheduled,,
798,10306,2021,standard,25,15,2022-01-28,20:00,Scheduled,,
799,10307,2021,standard,31,6,2022-01-28,20:30,Scheduled,,
800,10308,2021,standard,28,22,2022-01-28,21:00,Scheduled,,
801,10309,2021,standard,21,24,2022-01-28,22:00,Scheduled,,
802,10310,2021,standard,23,2,2022-01-29,19:00,Scheduled,,
803,10311,2021,standard,8,15,2022-01-29,19:00,Scheduled,,
804,10312,2021,standard,27,30,2022-01-29,19:30,Scheduled,,
805,10313,2021,standard,20,38,2022-01-29,20:00,Scheduled,,
806,10314,2021,standard,19,41,2022-01-29,20:00,Scheduled,,
807,10315,2021,standard,11,4,2022-01-29,20:30,Scheduled,,
808,10316,2021,standard,1,17,2022-01-30,13:00,Scheduled,,
809,10317,2021,standard,5,16,2022-01-30,13:00,Scheduled,,
810,10318,2021,standard,6,29,2022-01-30,15:30,Scheduled,,
811,10319,2021,standard,10,7,2022-01-30,18:00,Scheduled,,
812,10320,2021,standard,26,8,2022-01-30,19:00,Scheduled,,
813,10321,2021,standard,21,9,2022-01-30,19:00,Scheduled,,
814,10322,2021,standard,22,40,2022-01-30,20:00,Scheduled,,
815,10323,2021,standard,28,31,2022-01-30,20:00,Scheduled,,
816,10324,2021,standard,7,23,2022-01-31,19:00,Scheduled,,
817,10325,2021,standard,15,16,2022-01-31,19:00,Scheduled,,
818,10326,2021,standard,27,19,2022-01-31,19:00,Scheduled,,
819,10327,2021,standard,2,20,2022-01-31,19:30,Scheduled,,
820,10328,2021,standard,24,30,2022-01-31,19:30,Scheduled,,
821,10332,2021,standard,1,38,2022-01-31,19:30,Scheduled,,
822,10329,2021,standard,14,11,2022-01-31,20:00,Scheduled,,
823,10330,2021,standard,25,29,2022-01-31,20:00,Scheduled,,
824,10331,2021,standard,10,23,2022-02-01,19:00,Scheduled,,
825,10333,2021,standard,21,41,2022-02-01,19:30,Scheduled,,
826,10349,2021,standard,38,20,2022-02-01,19:30,Scheduled,,
827,10334,2021,standard,6,26,2022-02-01,20:00,Scheduled,,
828,10335,2021,standard,22,9,2022-02-01,20:00,Scheduled,,
829,10336,2021,standard,31,11,2022-02-01,20:30,Scheduled,,
830,10337,2021,standard,28,4,2022-02-01,22:00,Scheduled,,
831,10338,2021,standard,15,26,2022-02-02,19:00,Scheduled,,
832,10339,2021,standard,27,41,2022-02-02,19:00,Scheduled,,
833,10340,2021,standard,2,5,2022-02-02,19:30,Scheduled,,
834,10341,2021,standard,24,19,2022-02-02,19:30,Scheduled,,
835,10342,2021,standard,14,7,2022-02-02,20:00,Scheduled,,
836,10343,2021,standard,8,25,2022-02-02,20:30,Scheduled,,
837,10344,2021,standard,40,9,2022-02-02,22:00,Scheduled,,
838,10345,2021,standard,30,4,2022-02-02,22:00,Scheduled,,
839,10346,2021,standard,17,29,2022-02-02,22:30,Scheduled,,
840,10347,2021,standard,10,22,2022-02-03,19:00,Scheduled,,
841,9216,2021,standard,38,6,2022-02-03,19:30,Scheduled,,
842,10348,2021,standard,1,28,2022-02-03,19:30,Scheduled,,
843,10086,2021,standard,31,20,2022-02-03,20:30,Scheduled,,
844,10350,2021,standard,11,30,2022-02-03,22:00,Scheduled,,
845,10351,2021,standard,16,17,2022-02-03,22:00,Scheduled,,
846,10352,2021,standard,5,7,2022-02-04,19:00,Scheduled,,
847,10353,2021,standard,10,2,2022-02-04,19:00,Scheduled,,
848,10354,2021,standard,15,6,2022-02-04,19:00,Scheduled,,
849,10355,2021,standard,38,1,2022-02-04,19:30,Scheduled,,
850,10356,2021,standard,8,27,2022-02-04,20:30,Scheduled,,
851,10357,2021,standard,31,14,2022-02-04,20:30,Scheduled,,
852,10358,2021,standard,40,4,2022-02-04,21:00,Scheduled,,
853,10359,2021,standard,9,23,2022-02-04,22:00,Scheduled,,
854,10360,2021,standard,29,25,2022-02-04,22:00,Scheduled,,
855,10361,2021,standard,26,19,2022-02-05,17:00,Scheduled,,
856,10362,2021,standard,5,20,2022-02-05,19:00,Scheduled,,
857,10363,2021,standard,41,28,2022-02-05,19:00,Scheduled,,
858,10364,2021,standard,17,24,2022-02-05,20:30,Scheduled,,
859,10365,2021,standard,29,21,2022-02-05,22:00,Scheduled,,
860,10366,2021,standard,30,25,2022-02-05,22:00,Scheduled,,
861,10367,2021,standard,6,27,2022-02-06,15:30,Scheduled,,
862,10368,2021,standard,22,10,2022-02-06,15:30,Scheduled,,
863,10369,2021,standard,9,4,2022-02-06,15:30,Scheduled,,
864,10370,2021,standard,7,15,2022-02-06,18:00,Scheduled,,
865,10371,2021,standard,26,2,2022-02-06,18:00,Scheduled,,
866,10372,2021,standard,8,1,2022-02-06,18:00,Scheduled,,
867,10373,2021,standard,14,23,2022-02-06,19:00,Scheduled,,
868,10374,2021,standard,16,21,2022-02-06,21:00,Scheduled,,
869,10375,2021,standard,5,38,2022-02-07,19:00,Scheduled,,
870,10376,2021,standard,41,20,2022-02-07,19:00,Scheduled,,
871,10377,2021,standard,6,28,2022-02-07,20:00,Scheduled,,
872,10378,2021,standard,25,11,2022-02-07,20:00,Scheduled,,
873,10379,2021,standard,40,24,2022-02-07,21:00,Scheduled,,
874,10380,2021,standard,27,28,2022-02-08,19:00,Scheduled,,
875,10381,2021,standard,1,15,2022-02-08,19:30,Scheduled,,
876,10382,2021,standard,4,2,2022-02-08,19:30,Scheduled,,
877,10383,2021,standard,19,16,2022-02-08,20:00,Scheduled,,
878,10384,2021,standard,23,14,2022-02-08,20:00,Scheduled,,
879,10385,2021,standard,8,10,2022-02-08,20:30,Scheduled,,
880,10386,2021,standard,9,24,2022-02-08,21:00,Scheduled,,
881,10387,2021,standard,17,21,2022-02-08,22:00,Scheduled,,
882,10388,2021,standard,29,26,2022-02-08,22:00,Scheduled,,
883,10389,2021,standard,30,22,2022-02-08,22:00,Scheduled,,
884,10390,2021,standard,7,31,2022-02-09,19:00,Scheduled,,
885,10391,2021,standard,5,6,2022-02-09,19:30,Scheduled,,
886,10392,2021,standard,25,38,2022-02-09,20:00,Scheduled,,
887,10393,2021,standard,40,11,2022-02-09,22:00,Scheduled,,
888,10394,2021,standard,29,17,2022-02-09,22:00,Scheduled,,
889,10395,2021,standard,30,22,2022-02-09,22:00,Scheduled,,
890,10396,2021,standard,10,19,2022-02-10,19:00,Scheduled,,
891,10397,2021,standard,41,4,2022-02-10,19:00,Scheduled,,
892,10398,2021,standard,23,20,2022-02-10,19:30,Scheduled,,
893,10399,2021,standard,14,38,2022-02-10,20:00,Scheduled,,
894,10400,2021,standard,8,16,2022-02-10,20:30,Scheduled,,
895,10401,2021,standard,28,21,2022-02-10,22:00,Scheduled,,
896,10402,2021,standard,11,24,2022-02-10,22:00,Scheduled,,
897,10403,2021,standard,10,5,2022-02-11,19:00,Scheduled,,
898,10404,2021,standard,15,7,2022-02-11,19:00,Scheduled,,
899,10405,2021,standard,27,25,2022-02-11,19:00,Scheduled,,
900,10406,2021,standard,1,31,2022-02-11,19:30,Scheduled,,
901,10407,2021,standard,2,9,2022-02-11,19:30,Scheduled,,
902,10408,2021,standard,6,22,2022-02-11,20:00,Scheduled,,
903,10409,2021,standard,40,26,2022-02-11,21:00,Scheduled,,
904,10410,2021,standard,29,24,2022-02-12,17:00,Scheduled,,
905,10411,2021,standard,5,19,2022-02-12,19:00,Scheduled,,
906,10412,2021,standard,41,30,2022-02-12,19:00,Scheduled,,
907,10413,2021,standard,23,31,2022-02-12,19:00,Scheduled,,
908,10414,2021,standard,27,7,2022-02-12,19:30,Scheduled,,
909,10415,2021,standard,38,9,2022-02-12,19:30,Scheduled,,
910,10416,2021,standard,20,4,2022-02-12,20:00,Scheduled,,
911,10417,2021,standard,6,25,2022-02-12,20:00,Scheduled,,
912,10418,2021,standard,8,16,2022-02-12,20:30,Scheduled,,
913,10419,2021,standard,11,17,2022-02-12,20:30,Scheduled,,
914,10420,2021,standard,28,26,2022-02-12,21:00,Scheduled,,
915,10421,2021,standard,2,1,2022-02-13,14:00,Scheduled,,
916,10422,2021,standard,15,22,2022-02-13,15:00,Scheduled,,
917,10423,2021,standard,41,10,2022-02-14,19:00,Scheduled,,
918,10424,2021,standard,4,30,2022-02-14,19:30,Scheduled,,
919,10425,2021,standard,24,25,2022-02-14,19:30,Scheduled,,
920,10426,2021,standard,6,31,2022-02-14,20:00,Scheduled,,
921,10427,2021,standard,21,29,2022-02-14,20:00,Scheduled,,
922,10428,2021,standard,23,38,2022-02-14,20:00,Scheduled,,
923,10429,2021,standard,9,26,2022-02-14,21:00,Scheduled,,
924,10430,2021,standard,40,14,2022-02-14,21:00,Scheduled,,
925,10431,2021,standard,16,11,2022-02-14,22:30,Scheduled,,
926,10432,2021,standard,1,7,2022-02-15,19:30,Scheduled,,
927,10433,2021,standard,20,8,2022-02-15,19:30,Scheduled,,
928,10434,2021,standard,27,2,2022-02-15,19:30,Scheduled,,
929,10435,2021,standard,21,15,2022-02-15,20:00,Scheduled,,
930,10436,2021,standard,22,5,2022-02-15,20:00,Scheduled,,
931,10437,2021,standard,23,19,2022-02-15,20:00,Scheduled,,
932,10438,2021,standard,28,16,2022-02-15,22:00,Scheduled,,
933,10439,2021,standard,26,1,2022-02-16,19:00,Scheduled,,
934,10440,2021,standard,2,10,2022-02-16,19:30,Scheduled,,
935,10441,2021,standard,15,41,2022-02-16,19:30,Scheduled,,
936,10442,2021,standard,24,4,2022-02-16,19:30,Scheduled,,
937,10443,2021,standard,6,30,2022-02-16,20:00,Scheduled,,
938,10444,2021,standard,19,29,2022-02-16,20:00,Scheduled,,
939,10445,2021,standard,22,38,2022-02-16,20:00,Scheduled,,
940,10446,2021,standard,25,31,2022-02-16,20:00,Scheduled,,
941,10447,2021,standard,28,14,2022-02-16,21:00,Scheduled,,
942,10448,2021,standard,11,9,2022-02-16,22:00,Scheduled,,
943,10449,2021,standard,17,40,2022-02-16,22:00,Scheduled,,
944,10450,2021,standard,5,20,2022-02-17,19:00,Scheduled,,
945,10029,2021,standard,4,41,2022-02-17,19:30,Scheduled,,
946,10451,2021,standard,23,8,2022-02-17,20:00,Scheduled,,
947,10452,2021,standard,21,27,2022-02-17,20:30,Scheduled,,
948,10453,2021,standard,16,14,2022-02-17,22:30,Scheduled,,
949,10454,2021,standard,10,7,2022-02-24,19:00,Scheduled,,
950,10455,2021,standard,4,2,2022-02-24,19:30,Scheduled,,
951,10456,2021,standard,6,1,2022-02-24,20:00,Scheduled,,
952,10457,2021,standard,22,19,2022-02-24,20:00,Scheduled,,
953,10458,2021,standard,25,28,2022-02-24,20:00,Scheduled,,
954,10459,2021,standard,29,11,2022-02-24,22:00,Scheduled,,
955,10460,2021,standard,30,9,2022-02-24,22:00,Scheduled,,
956,10461,2021,standard,5,38,2022-02-25,19:00,Scheduled,,
957,10462,2021,standard,15,25,2022-02-25,19:00,Scheduled,,
958,10463,2021,standard,26,14,2022-02-25,19:00,Scheduled,,
959,10464,2021,standard,41,31,2022-02-25,19:00,Scheduled,,
960,10465,2021,standard,24,20,2022-02-25,19:30,Scheduled,,
961,10466,2021,standard,22,27,2022-02-25,20:00,Scheduled,,
962,10467,2021,standard,28,23,2022-02-25,21:00,Scheduled,,
963,10468,2021,standard,40,8,2022-02-25,21:00,Scheduled,,
964,10469,2021,standard,17,16,2022-02-25,22:00,Scheduled,,
965,10470,2021,standard,10,2,2022-02-26,12:00,Scheduled,,
966,10471,2021,standard,1,38,2022-02-26,19:30,Scheduled,,
967,10472,2021,standard,7,41,2022-02-26,20:00,Scheduled,,
968,10473,2021,standard,20,31,2022-02-26,20:00,Scheduled,,
969,10474,2021,standard,6,19,2022-02-26,20:00,Scheduled,,
970,10475,2021,standard,21,4,2022-02-26,20:30,Scheduled,,
971,10476,2021,standard,9,30,2022-02-26,21:00,Scheduled,,
972,10477,2021,standard,24,27,2022-02-27,13:00,Scheduled,,
973,10478,2021,standard,28,40,2022-02-27,15:30,Scheduled,,
974,10479,2021,standard,15,2,2022-02-27,17:00,Scheduled,,
975,10480,2021,standard,5,10,2022-02-27,19:00,Scheduled,,
976,10481,2021,standard,14,16,2022-02-27,19:00,Scheduled,,
977,10482,2021,standard,11,8,2022-02-27,19:30,Scheduled,,
978,10483,2021,standard,29,9,2022-02-27,21:00,Scheduled,,
979,10484,2021,standard,17,23,2022-02-27,22:00,Scheduled,,
980,10485,2021,standard,7,22,2022-02-28,19:00,Scheduled,,
981,10486,2021,standard,26,15,2022-02-28,19:00,Scheduled,,
982,10291,2021,standard,4,38,2022-02-28,19:30,Scheduled,,
983,10487,2021,standard,20,6,2022-02-28,19:30,Scheduled,,
984,10488,2021,standard,19,31,2022-02-28,20:00,Scheduled,,
985,10489,2021,standard,21,5,2022-02-28,20:00,Scheduled,,
986,10490,2021,standard,25,30,2022-02-28,20:00,Scheduled,,
987,10491,2021,standard,41,10,2022-03-01,19:00,Scheduled,,
988,10492,2021,standard,2,1,2022-03-01,19:30,Scheduled,,
989,10493,2021,standard,38,4,2022-03-01,19:30,Scheduled,,
990,10494,2021,standard,14,16,2022-03-01,20:00,Scheduled,,
991,10495,2021,standard,22,11,2022-03-01,20:00,Scheduled,,
992,10496,2021,standard,17,8,2022-03-01,22:00,Scheduled,,
993,10497,2021,standard,7,5,2022-03-02,19:00,Scheduled,,
994,10498,2021,standard,26,15,2022-03-02,19:00,Scheduled,,
995,10499,2021,standard,27,24,2022-03-02,19:30,Scheduled,,
996,10500,2021,standard,14,40,2022-03-02,20:00,Scheduled,,
997,10501,2021,standard,21,20,2022-03-02,20:00,Scheduled,,
998,10502,2021,standard,23,30,2022-03-02,20:00,Scheduled,,
999,10503,2021,standard,9,25,2022-03-02,21:00,Scheduled,,
1000,10504,2021,standard,28,29,2022-03-02,22:00,Scheduled,,
1001,10275,2021,standard,1,6,2022-03-03,19:00,Scheduled,,
1002,10505,2021,standard,2,19,2022-03-03,19:30,Scheduled,,
1003,10506,2021,standard,4,20,2022-03-03,19:30,Scheduled,,
1004,10507,2021,standard,38,10,2022-03-03,19:30,Scheduled,,
1005,10508,2021,standard,8,11,2022-03-03,20:30,Scheduled,,
1006,10509,2021,standard,31,30,2022-03-03,20:30,Scheduled,,
1007,10510,2021,standard,16,17,2022-03-03,22:00,Scheduled,,
1008,10511,2021,standard,10,15,2022-03-04,19:00,Scheduled,,
1009,10512,2021,standard,27,7,2022-03-04,19:00,Scheduled,,
1010,10513,2021,standard,41,1,2022-03-04,19:00,Scheduled,,
1011,10514,2021,standard,6,21,2022-03-04,19:30,Scheduled,,
1012,10023,2021,standard,38,26,2022-03-04,19:30,Scheduled,,
1013,10515,2021,standard,23,40,2022-03-04,20:00,Scheduled,,
1014,10516,2021,standard,25,22,2022-03-04,20:00,Scheduled,,
1015,10517,2021,standard,9,14,2022-03-04,21:00,Scheduled,,
1016,10518,2021,standard,28,24,2022-03-04,22:00,Scheduled,,
1017,10519,2021,standard,8,30,2022-03-05,17:00,Scheduled,,
1018,10520,2021,standard,5,31,2022-03-05,19:00,Scheduled,,
1019,10521,2021,standard,20,27,2022-03-05,20:00,Scheduled,,
1020,10522,2021,standard,19,26,2022-03-05,20:00,Scheduled,,
1021,10523,2021,standard,22,29,2022-03-05,20:00,Scheduled,,
1022,10524,2021,standard,17,11,2022-03-05,20:30,Scheduled,,
1023,10525,2021,standard,2,4,2022-03-06,13:00,Scheduled,,
1024,10526,2021,standard,21,28,2022-03-06,15:30,Scheduled,,
1025,10528,2021,standard,41,15,2022-03-06,18:00,Scheduled,,
1026,10529,2021,standard,14,19,2022-03-06,19:00,Scheduled,,
1027,10530,2021,standard,25,40,2022-03-06,19:00,Scheduled,,
1028,10527,2021,standard,7,38,2022-03-06,19:30,Scheduled,,
1029,10532,2021,standard,9,23,2022-03-06,20:00,Scheduled,,
1030,10531,2021,standard,16,24,2022-03-06,22:00,Scheduled,,
1031,10533,2021,standard,10,1,2022-03-07,19:00,Scheduled,,
1032,10534,2021,standard,27,6,2022-03-07,19:00,Scheduled,,
1033,10535,2021,standard,20,14,2022-03-07,19:30,Scheduled,,
1034,10536,2021,standard,22,29,2022-03-07,20:00,Scheduled,,
1035,10537,2021,standard,8,40,2022-03-07,20:30,Scheduled,,
1036,10538,2021,standard,31,17,2022-03-07,20:30,Scheduled,,
1037,9314,2021,standard,9,11,2022-03-07,21:00,Scheduled,,
1038,10539,2021,standard,30,24,2022-03-07,22:30,Scheduled,,
1039,10540,2021,standard,5,4,2022-03-08,19:00,Scheduled,,
1040,10541,2021,standard,15,7,2022-03-08,19:00,Scheduled,,
1041,10542,2021,standard,26,28,2022-03-08,19:00,Scheduled,,
1042,10543,2021,standard,19,23,2022-03-08,19:30,Scheduled,,
1043,10544,2021,standard,25,21,2022-03-08,20:00,Scheduled,,
1044,10545,2021,standard,11,16,2022-03-08,22:00,Scheduled,,
1045,10546,2021,standard,5,2,2022-03-09,19:00,Scheduled,,
1046,10547,2021,standard,10,6,2022-03-09,19:00,Scheduled,,
1047,10548,2021,standard,20,28,2022-03-09,19:30,Scheduled,,
1048,10549,2021,standard,21,1,2022-03-09,19:30,Scheduled,,
1049,10550,2021,standard,14,17,2022-03-09,20:00,Scheduled,,
1050,10551,2021,standard,22,25,2022-03-09,20:00,Scheduled,,
1051,10552,2021,standard,23,26,2022-03-09,20:00,Scheduled,,
1052,10553,2021,standard,8,24,2022-03-09,20:30,Scheduled,,
1053,10554,2021,standard,31,38,2022-03-09,20:30,Scheduled,,
1054,10555,2021,standard,40,29,2022-03-09,22:00,Scheduled,,
1055,10556,2021,standard,30,9,2022-03-09,22:00,Scheduled,,
1056,10557,2021,standard,16,41,2022-03-09,22:30,Scheduled,,
1057,10558,2021,standard,27,4,2022-03-10,19:30,Scheduled,,
1058,10559,2021,standard,9,11,2022-03-10,22:00,Scheduled,,
1059,10560,2021,standard,26,22,2022-03-11,19:00,Scheduled,,
1060,10561,2021,standard,1,16,2022-03-11,19:30,Scheduled,,
1061,10562,2021,standard,2,10,2022-03-11,19:30,Scheduled,,
1062,10563,2021,standard,20,7,2022-03-11,20:00,Scheduled,,
1063,10564,2021,standard,14,8,2022-03-11,20:00,Scheduled,,
1064,10565,2021,standard,19,24,2022-03-11,20:00,Scheduled,,
1065,10566,2021,standard,23,5,2022-03-11,20:00,Scheduled,,
1066,10567,2021,standard,31,40,2022-03-11,20:30,Scheduled,,
1067,10568,2021,standard,28,38,2022-03-11,21:00,Scheduled,,
1068,10569,2021,standard,17,41,2022-03-11,22:30,Scheduled,,
1069,10570,2021,standard,20,22,2022-03-12,20:00,Scheduled,,
1070,10571,2021,standard,6,7,2022-03-12,20:00,Scheduled,,
1071,10572,2021,standard,31,15,2022-03-12,20:00,Scheduled,,
1072,10573,2021,standard,11,21,2022-03-12,20:30,Scheduled,,
1073,10574,2021,standard,9,38,2022-03-12,22:00,Scheduled,,
1074,10575,2021,standard,40,30,2022-03-12,22:00,Scheduled,,
1075,10576,2021,standard,29,41,2022-03-12,22:00,Scheduled,,
1076,10577,2021,standard,4,24,2022-03-13,13:00,Scheduled,,
1077,10578,2021,standard,10,16,2022-03-13,15:00,Scheduled,,
1078,10579,2021,standard,2,8,2022-03-13,15:30,Scheduled,,
1079,10580,2021,standard,26,27,2022-03-13,18:00,Scheduled,,
1080,10581,2021,standard,1,15,2022-03-13,19:00,Scheduled,,
1081,10582,2021,standard,23,14,2022-03-13,19:00,Scheduled,,
1082,10583,2021,standard,25,19,2022-03-13,19:00,Scheduled,,
1083,10584,2021,standard,28,17,2022-03-13,21:00,Scheduled,,
1084,10585,2021,standard,7,16,2022-03-14,19:00,Scheduled,,
1085,10586,2021,standard,1,29,2022-03-14,19:30,Scheduled,,
1086,10587,2021,standard,27,9,2022-03-14,19:30,Scheduled,,
1087,10588,2021,standard,25,5,2022-03-14,20:00,Scheduled,,
1088,10589,2021,standard,31,22,2022-03-14,20:30,Scheduled,,
1089,10590,2021,standard,11,41,2022-03-14,22:00,Scheduled,,
1090,10591,2021,standard,30,6,2022-03-14,22:00,Scheduled,,
1091,10592,2021,standard,40,21,2022-03-14,22:00,Scheduled,,
1092,10593,2021,standard,17,38,2022-03-14,22:30,Scheduled,,
1093,10594,2021,standard,15,19,2022-03-15,19:00,Scheduled,,
1094,10595,2021,standard,26,4,2022-03-15,19:00,Scheduled,,
1095,10596,2021,standard,20,10,2022-03-15,19:30,Scheduled,,
1096,10597,2021,standard,23,28,2022-03-15,20:00,Scheduled,,
1097,10598,2021,standard,5,1,2022-03-16,19:00,Scheduled,,
1098,10599,2021,standard,7,27,2022-03-16,19:00,Scheduled,,
1099,10600,2021,standard,41,9,2022-03-16,19:00,Scheduled,,
1100,10601,2021,standard,4,8,2022-03-16,19:30,Scheduled,,
1101,10602,2021,standard,24,29,2022-03-16,19:30,Scheduled,,
1102,10603,2021,standard,14,28,2022-03-16,20:00,Scheduled,,
1103,10604,2021,standard,22,17,2022-03-16,20:00,Scheduled,,
1104,10605,2021,standard,31,25,2022-03-16,20:30,Scheduled,,
1105,10606,2021,standard,40,6,2022-03-16,21:00,Scheduled,,
1106,10607,2021,standard,11,2,2022-03-16,22:00,Scheduled,,
1107,10608,2021,standard,30,21,2022-03-16,22:00,Scheduled,,
1108,10609,2021,standard,16,38,2022-03-16,22:30,Scheduled,,
1109,10610,2021,standard,26,10,2022-03-17,19:00,Scheduled,,
1110,10611,2021,standard,27,8,2022-03-18,19:00,Scheduled,,
1111,10612,2021,standard,1,19,2022-03-18,19:30,Scheduled,,
1112,10613,2021,standard,4,29,2022-03-18,19:30,Scheduled,,
1113,10614,2021,standard,7,9,2022-03-18,19:30,Scheduled,,
1114,10615,2021,standard,24,41,2022-03-18,19:30,Scheduled,,
1115,10616,2021,standard,38,17,2022-03-18,19:30,Scheduled,,
1116,10617,2021,standard,20,25,2022-03-18,20:00,Scheduled,,
1117,10618,2021,standard,14,15,2022-03-18,20:00,Scheduled,,
1118,10619,2021,standard,31,23,2022-03-18,20:30,Scheduled,,
1119,10620,2021,standard,40,16,2022-03-18,21:00,Scheduled,,
1120,10621,2021,standard,28,6,2022-03-18,22:00,Scheduled,,
1121,10622,2021,standard,30,2,2022-03-18,22:00,Scheduled,,
1122,10623,2021,standard,22,21,2022-03-19,17:00,Scheduled,,
1123,10624,2021,standard,5,8,2022-03-19,19:00,Scheduled,,
1124,10625,2021,standard,7,10,2022-03-19,20:00,Scheduled,,
1125,10626,2021,standard,41,17,2022-03-19,20:00,Scheduled,,
1126,10627,2021,standard,15,29,2022-03-20,15:30,Scheduled,,
1127,10628,2021,standard,14,19,2022-03-20,15:30,Scheduled,,
1128,10629,2021,standard,1,23,2022-03-20,18:00,Scheduled,,
1129,10630,2021,standard,26,25,2022-03-20,18:00,Scheduled,,
1130,10631,2021,standard,30,28,2022-03-20,18:00,Scheduled,,
1131,10632,2021,standard,24,40,2022-03-20,19:30,Scheduled,,
1132,10633,2021,standard,9,2,2022-03-20,20:00,Scheduled,,
1133,10634,2021,standard,27,38,2022-03-20,20:30,Scheduled,,
1134,10635,2021,standard,11,31,2022-03-20,20:30,Scheduled,,
1135,10636,2021,standard,5,23,2022-03-21,19:00,Scheduled,,
1136,10637,2021,standard,7,17,2022-03-21,19:00,Scheduled,,
1137,10638,2021,standard,10,29,2022-03-21,19:00,Scheduled,,
1138,10639,2021,standard,27,20,2022-03-21,19:00,Scheduled,,
1139,10640,2021,standard,4,40,2022-03-21,19:30,Scheduled,,
1140,10641,2021,standard,6,38,2022-03-21,20:00,Scheduled,,
1141,10642,2021,standard,14,41,2022-03-21,20:00,Scheduled,,
1142,10643,2021,standard,25,2,2022-03-21,20:00,Scheduled,,
1143,10644,2021,standard,8,22,2022-03-21,20:30,Scheduled,,
1144,10645,2021,standard,26,11,2022-03-22,19:00,Scheduled,,
1145,10646,2021,standard,24,1,2022-03-22,19:30,Scheduled,,
1146,10647,2021,standard,21,6,2022-03-22,20:00,Scheduled,,
1147,10648,2021,standard,9,16,2022-03-22,22:00,Scheduled,,
1148,10649,2021,standard,5,24,2022-03-23,19:00,Scheduled,,
1149,10650,2021,standard,10,1,2022-03-23,19:00,Scheduled,,
1150,10651,2021,standard,15,30,2022-03-23,19:00,Scheduled,,
1151,10652,2021,standard,2,40,2022-03-23,19:30,Scheduled,,
1152,10653,2021,standard,20,11,2022-03-23,19:30,Scheduled,,
1153,10654,2021,standard,19,4,2022-03-23,19:30,Scheduled,,
1154,10655,2021,standard,22,28,2022-03-23,20:00,Scheduled,,
1155,10656,2021,standard,25,26,2022-03-23,20:00,Scheduled,,
1156,10657,2021,standard,8,14,2022-03-23,20:30,Scheduled,,
1157,10658,2021,standard,17,27,2022-03-23,22:00,Scheduled,,
1158,10659,2021,standard,29,31,2022-03-23,22:00,Scheduled,,
1159,10660,2021,standard,38,7,2022-03-24,19:30,Scheduled,,
1160,10661,2021,standard,19,15,2022-03-24,20:00,Scheduled,,
1161,10662,2021,standard,21,41,2022-03-24,20:00,Scheduled,,
1162,10663,2021,standard,23,6,2022-03-24,20:00,Scheduled,,
1163,10664,2021,standard,9,28,2022-03-24,21:00,Scheduled,,
1164,10665,2021,standard,5,40,2022-03-25,19:00,Scheduled,,
1165,10666,2021,standard,10,41,2022-03-25,19:00,Scheduled,,
1166,10667,2021,standard,1,11,2022-03-25,19:30,Scheduled,,
1167,10668,2021,standard,20,24,2022-03-25,20:00,Scheduled,,
1168,10669,2021,standard,22,8,2022-03-25,20:00,Scheduled,,
1169,10670,2021,standard,29,14,2022-03-25,22:00,Scheduled,,
1170,10671,2021,standard,16,27,2022-03-25,22:30,Scheduled,,
1171,10672,2021,standard,23,31,2022-03-26,17:00,Scheduled,,
1172,10673,2021,standard,26,30,2022-03-26,19:00,Scheduled,,
1173,10674,2021,standard,38,15,2022-03-26,19:30,Scheduled,,
1174,10675,2021,standard,7,6,2022-03-26,20:00,Scheduled,,
1175,10676,2021,standard,20,4,2022-03-26,20:00,Scheduled,,
1176,10677,2021,standard,19,21,2022-03-26,20:00,Scheduled,,
1177,10678,2021,standard,9,25,2022-03-26,21:00,Scheduled,,
1178,10679,2021,standard,29,14,2022-03-26,22:00,Scheduled,,
1179,10680,2021,standard,10,24,2022-03-27,15:30,Scheduled,,
1180,10681,2021,standard,2,22,2022-03-27,18:00,Scheduled,,
1181,10682,2021,standard,41,11,2022-03-27,18:00,Scheduled,,
1182,10683,2021,standard,28,27,2022-03-27,18:00,Scheduled,,
1183,10684,2021,standard,23,17,2022-03-27,19:00,Scheduled,,
1184,10685,2021,standard,4,5,2022-03-27,19:30,Scheduled,,
1185,10686,2021,standard,8,40,2022-03-27,19:30,Scheduled,,
1186,10687,2021,standard,5,9,2022-03-28,19:00,Scheduled,,
1187,10688,2021,standard,7,26,2022-03-28,19:00,Scheduled,,
1188,10689,2021,standard,15,1,2022-03-28,19:00,Scheduled,,
1189,10690,2021,standard,20,30,2022-03-28,19:30,Scheduled,,
1190,10691,2021,standard,24,6,2022-03-28,19:30,Scheduled,,
1191,10692,2021,standard,38,2,2022-03-28,19:30,Scheduled,,
1192,10693,2021,standard,14,31,2022-03-28,20:00,Scheduled,,
1193,10694,2021,standard,19,11,2022-03-28,20:00,Scheduled,,
1194,10695,2021,standard,29,25,2022-03-28,22:00,Scheduled,,
1195,10696,2021,standard,27,21,2022-03-29,19:00,Scheduled,,
1196,10697,2021,standard,41,6,2022-03-29,19:00,Scheduled,,
1197,10698,2021,standard,4,10,2022-03-29,19:30,Scheduled,,
1198,10699,2021,standard,8,17,2022-03-29,19:30,Scheduled,,
1199,10700,2021,standard,16,40,2022-03-29,22:00,Scheduled,,
1200,10701,2021,standard,7,8,2022-03-30,19:00,Scheduled,,
1201,10702,2021,standard,15,9,2022-03-30,19:00,Scheduled,,
1202,10703,2021,standard,41,26,2022-03-30,19:00,Scheduled,,
1203,10704,2021,standard,2,20,2022-03-30,19:30,Scheduled,,
1204,10705,2021,standard,24,5,2022-03-30,19:30,Scheduled,,
1205,10706,2021,standard,38,22,2022-03-30,19:30,Scheduled,,
1206,10707,2021,standard,14,30,2022-03-30,20:00,Scheduled,,
1207,10708,2021,standard,25,1,2022-03-30,20:00,Scheduled,,
1208,10709,2021,standard,31,19,2022-03-30,20:30,Scheduled,,
1209,10710,2021,standard,11,28,2022-03-30,22:00,Scheduled,,
1210,10711,2021,standard,29,23,2022-03-30,22:00,Scheduled,,
1211,10712,2021,standard,10,27,2022-03-31,19:00,Scheduled,,
1212,10017,2021,standard,1,7,2022-03-31,19:30,Scheduled,,
1213,10713,2021,standard,4,21,2022-03-31,19:30,Scheduled,,
1214,10714,2021,standard,6,16,2022-03-31,20:00,Scheduled,,
1215,10715,2021,standard,40,17,2022-03-31,22:00,Scheduled,,
1216,10716,2021,standard,26,38,2022-04-01,19:00,Scheduled,,
1217,10717,2021,standard,41,8,2022-04-01,19:00,Scheduled,,
1218,10718,2021,standard,2,15,2022-04-01,19:30,Scheduled,,
1219,10719,2021,standard,14,30,2022-04-01,20:00,Scheduled,,
1220,10720,2021,standard,19,28,2022-04-01,20:00,Scheduled,,
1221,10721,2021,standard,21,16,2022-04-01,20:00,Scheduled,,
1222,10722,2021,standard,25,10,2022-04-01,20:00,Scheduled,,
1223,10723,2021,standard,31,29,2022-04-01,20:30,Scheduled,,
1224,10724,2021,standard,9,22,2022-04-01,21:00,Scheduled,,
1225,10725,2021,standard,17,23,2022-04-01,22:30,Scheduled,,
1226,10726,2021,standard,27,5,2022-04-02,12:30,Scheduled,,
1227,10727,2021,standard,24,7,2022-04-02,13:00,Scheduled,,
1228,10728,2021,standard,1,4,2022-04-02,19:30,Scheduled,,
1229,10729,2021,standard,6,20,2022-04-02,20:00,Scheduled,,
1230,10730,2021,standard,11,40,2022-04-02,20:30,Scheduled,,
1231,10731,2021,standard,2,41,2022-04-03,13:00,Scheduled,,
1232,10732,2021,standard,21,8,2022-04-03,13:00,Scheduled,,
1233,10733,2021,standard,17,9,2022-04-03,15:30,Scheduled,,
1234,10734,2021,standard,15,10,2022-04-03,17:00,Scheduled,,
1235,10735,2021,standard,7,27,2022-04-03,18:00,Scheduled,,
1236,10736,2021,standard,26,24,2022-04-03,18:00,Scheduled,,
1237,10737,2021,standard,38,20,2022-04-03,19:00,Scheduled,,
1238,10738,2021,standard,14,22,2022-04-03,19:00,Scheduled,,
1239,10739,2021,standard,25,28,2022-04-03,19:00,Scheduled,,
1240,10740,2021,standard,31,29,2022-04-03,19:00,Scheduled,,
1241,10741,2021,standard,30,11,2022-04-03,21:00,Scheduled,,
1242,10742,2021,standard,16,23,2022-04-03,21:30,Scheduled,,
1243,10743,2021,standard,15,27,2022-04-05,19:00,Scheduled,,
1244,10744,2021,standard,26,7,2022-04-05,19:00,Scheduled,,
1245,10745,2021,standard,4,14,2022-04-05,19:30,Scheduled,,
1246,10746,2021,standard,20,5,2022-04-05,19:30,Scheduled,,
1247,10747,2021,standard,38,1,2022-04-05,19:30,Scheduled,,
1248,10748,2021,standard,6,21,2022-04-05,20:00,Scheduled,,
1249,10749,2021,standard,22,41,2022-04-05,20:00,Scheduled,,
1250,10750,2021,standard,25,29,2022-04-05,20:00,Scheduled,,
1251,10752,2021,standard,40,19,2022-04-05,21:00,Scheduled,,
1252,10751,2021,standard,9,31,2022-04-05,21:00,Scheduled,,
1253,10753,2021,standard,30,23,2022-04-05,22:00,Scheduled,,
1254,10754,2021,standard,28,17,2022-04-05,22:30,Scheduled,,
1255,10755,2021,standard,10,8,2022-04-06,19:00,Scheduled,,
1256,10756,2021,standard,24,4,2022-04-06,19:30,Scheduled,,
1257,10757,2021,standard,1,41,2022-04-06,20:00,Scheduled,,
1258,10758,2021,standard,6,2,2022-04-06,20:00,Scheduled,,
1259,10759,2021,standard,40,25,2022-04-06,21:00,Scheduled,,
1260,10760,2021,standard,16,28,2022-04-06,22:00,Scheduled,,
1261,10761,2021,standard,5,26,2022-04-07,19:00,Scheduled,,
1262,10762,2021,standard,38,27,2022-04-07,19:30,Scheduled,,
1263,10763,2021,standard,21,2,2022-04-07,19:30,Scheduled,,
1264,10764,2021,standard,22,31,2022-04-07,20:00,Scheduled,,
1265,10765,2021,standard,23,29,2022-04-07,20:00,Scheduled,,
1266,10766,2021,standard,9,19,2022-04-07,21:00,Scheduled,,
1267,10767,2021,standard,11,17,2022-04-07,22:00,Scheduled,,
1268,10768,2021,standard,10,21,2022-04-08,19:00,Scheduled,,
1269,10769,2021,standard,41,24,2022-04-08,19:00,Scheduled,,
1270,10770,2021,standard,4,7,2022-04-08,19:30,Scheduled,,
1271,10771,2021,standard,38,14,2022-04-08,19:30,Scheduled,,
1272,10772,2021,standard,20,1,2022-04-08,20:00,Scheduled,,
1273,10773,2021,standard,6,5,2022-04-08,20:00,Scheduled,,
1274,10777,2021,standard,16,30,2022-04-09,TBD,Scheduled,,
1275,10778,2021,standard,19,23,2022-04-09,TBD,Scheduled,,
1276,10779,2021,standard,27,15,2022-04-09,TBD,Scheduled,,
1277,10780,2021,standard,31,11,2022-04-09,TBD,Scheduled,,
1278,10774,2021,standard,8,29,2022-04-08,20:30,Scheduled,,
1279,10775,2021,standard,40,28,2022-04-08,21:30,Scheduled,,
1280,10776,2021,standard,17,25,2022-04-08,22:30,Scheduled,,
1281,10781,2021,standard,4,15,2022-04-10,TBD,Scheduled,,
1282,10782,2021,standard,5,41,2022-04-10,TBD,Scheduled,,
1283,10783,2021,standard,7,21,2022-04-10,TBD,Scheduled,,
1284,10784,2021,standard,8,31,2022-04-10,TBD,Scheduled,,
1285,10785,2021,standard,9,17,2022-04-10,TBD,Scheduled,,
1286,10786,2021,standard,14,1,2022-04-10,TBD,Scheduled,,
1287,10787,2021,standard,16,25,2022-04-10,TBD,Scheduled,,
1288,10788,2021,standard,19,2,2022-04-10,TBD,Scheduled,,
1289,10789,2021,standard,22,6,2022-04-10,TBD,Scheduled,,
1290,10790,2021,standard,23,11,2022-04-10,TBD,Scheduled,,
1291,10791,2021,standard,24,38,2022-04-10,TBD,Scheduled,,
1292,10792,2021,standard,26,20,2022-04-10,TBD,Scheduled,,
1293,10793,2021,standard,27,10,2022-04-10,TBD,Scheduled,,
1294,10794,2021,standard,28,30,2022-04-10,TBD,Scheduled,,
1295,10795,2021,standard,29,40,2022-04-10,TBD,Scheduled,,
