gameId,seasonYear,League,homeTeamId,awayTeamId,Date,startTime,status,homeScore,awayScore
10796,2021,standard,17,4,2021-10-03,15:30,Finished,97,123
10797,2021,standard,38,27,2021-10-04,19:00,Finished,123,107
10798,2021,standard,2,26,2021-10-04,19:30,Finished,98,97
10799,2021,standard,20,1,2021-10-04,19:30,Finished,125,99
10800,2021,standard,22,23,2021-10-04,20:00,Finished,117,114
10801,2021,standard,25,5,2021-10-04,20:00,Finished,97,113
10802,2021,standard,31,40,2021-10-04,20:30,Finished,111,85
10803,2021,standard,29,11,2021-10-04,22:00,Finished,107,121
10804,2021,standard,30,28,2021-10-04,22:00,Finished,117,106
10805,2021,standard,16,9,2021-10-04,22:30,Finished,103,102
10806,2021,standard,24,15,2021-10-05,19:30,Finished,125,104
10807,2021,standard,6,7,2021-10-05,20:00,Finished,131,95
10808,2021,standard,14,41,2021-10-05,20:00,Finished,125,119
10809,2021,standard,19,21,2021-10-05,20:00,Finished,87,77
10815,2021,standard,28,17,2021-10-06,18:00,Finished,117,105
10810,2021,standard,10,31,2021-10-06,19:00,Finished,115,105
10811,2021,standard,1,7,2021-10-06,19:30,Finished,96,99
10812,2021,standard,23,26,2021-10-06,20:00,Finished,104,86
10813,2021,standard,8,40,2021-10-06,20:30,Finished,111,101
10814,2021,standard,11,9,2021-10-06,22:00,Finished,118,116
10816,2021,standard,16,30,2021-10-06,22:30,Finished,98,113
10817,2021,standard,5,19,2021-10-07,19:00,Finished,98,128
10818,2021,standard,27,38,2021-10-07,19:00,Finished,125,113
10819,2021,standard,14,20,2021-10-07,22:00,Finished,106,113
10820,2021,standard,7,15,2021-10-08,19:00,Finished,100,109
10821,2021,standard,4,21,2021-10-08,19:30,Finished,119,115
10822,2021,standard,6,23,2021-10-08,20:00,Finished,121,85
10823,2021,standard,8,16,2021-10-08,20:30,Finished,122,114
10824,2021,standard,31,20,2021-10-08,20:30,Finished,105,109
10825,2021,standard,9,22,2021-10-08,21:00,Finished,112,114
10826,2021,standard,11,17,2021-10-08,22:00,Finished,121,114
10827,2021,standard,2,38,2021-10-09,19:00,Finished,113,111
10828,2021,standard,41,24,2021-10-09,19:00,Finished,99,117
10829,2021,standard,19,1,2021-10-09,20:00,Finished,87,91
10830,2021,standard,26,31,2021-10-10,18:00,Finished,100,101
10831,2021,standard,7,6,2021-10-10,19:00,Finished,101,102
10832,2021,standard,21,25,2021-10-10,19:30,Finished,130,110
10833,2021,standard,17,28,2021-10-10,22:00,Finished,94,123
10834,2021,standard,38,14,2021-10-11,19:00,Finished,107,92
10835,2021,standard,20,5,2021-10-11,19:30,Finished,104,103
10836,2021,standard,27,4,2021-10-11,20:00,Finished,115,104
10837,2021,standard,19,10,2021-10-11,20:00,Finished,127,92
10838,2021,standard,40,23,2021-10-11,21:00,Finished,127,96
10839,2021,standard,29,30,2021-10-11,22:00,Finished,93,107
10840,2021,standard,16,22,2021-10-11,22:30,Finished,100,128
10841,2021,standard,41,38,2021-10-12,19:00,Finished,108,113
10842,2021,standard,17,11,2021-10-12,22:30,Finished,99,111
10849,2021,standard,28,29,2021-10-13,17:00,Finished,119,74
10843,2021,standard,5,8,2021-10-13,18:30,Finished,59,127
10844,2021,standard,15,19,2021-10-13,19:00,Finished,109,107
10845,2021,standard,26,2,2021-10-13,19:00,Finished,103,102
10846,2021,standard,24,10,2021-10-13,19:30,Finished,108,100
10847,2021,standard,25,9,2021-10-13,20:00,Finished,108,99
10848,2021,standard,40,21,2021-10-13,21:00,Finished,124,120
10850,2021,standard,1,20,2021-10-14,19:00,Finished,127,92
10851,2021,standard,4,22,2021-10-14,19:30,Finished,107,101
10852,2021,standard,25,9,2021-10-14,20:00,Finished,107,113
10853,2021,standard,30,17,2021-10-14,22:00,Finished,116,112
10854,2021,standard,20,2,2021-10-15,18:30,Finished,121,100
10855,2021,standard,10,27,2021-10-15,19:00,Finished,112,108
10856,2021,standard,15,7,2021-10-15,19:00,Finished,94,110
10857,2021,standard,24,41,2021-10-15,19:30,Finished,115,113
10858,2021,standard,6,19,2021-10-15,20:00,Finished,118,105
10859,2021,standard,21,8,2021-10-15,20:00,Finished,103,114
10860,2021,standard,31,14,2021-10-15,20:30,Finished,126,98
10861,2021,standard,11,29,2021-10-15,22:00,Finished,119,97
8787,2021,standard,21,4,2021-10-19,19:30,Finished,127,104
8788,2021,standard,17,11,2021-10-19,22:00,Finished,114,121
8789,2021,standard,5,15,2021-10-20,19:00,Finished,123,122
8790,2021,standard,10,6,2021-10-20,19:00,Finished,88,94
8791,2021,standard,24,2,2021-10-20,19:30,Finished,138,134
8792,2021,standard,38,41,2021-10-20,19:30,Finished,83,98
8793,2021,standard,19,7,2021-10-20,20:00,Finished,132,121
9573,2021,standard,22,14,2021-10-20,20:00,Finished,124,106
9574,2021,standard,23,27,2021-10-20,20:00,Finished,97,117
9575,2021,standard,31,26,2021-10-20,20:30,Finished,123,97
9576,2021,standard,40,25,2021-10-20,21:00,Finished,107,86
9577,2021,standard,28,9,2021-10-20,22:00,Finished,98,110
9578,2021,standard,29,30,2021-10-20,22:00,Finished,121,124
9579,2021,standard,1,8,2021-10-21,19:30,Finished,113,87
9580,2021,standard,20,21,2021-10-21,20:00,Finished,137,95
9581,2021,standard,11,16,2021-10-21,22:00,Finished,115,113
9582,2021,standard,7,5,2021-10-22,19:00,Finished,112,123
9583,2021,standard,26,24,2021-10-22,19:00,Finished,96,121
9584,2021,standard,41,15,2021-10-22,19:00,Finished,135,134
9585,2021,standard,2,38,2021-10-22,19:30,Finished,83,115
9586,2021,standard,27,4,2021-10-22,19:30,Finished,109,114
9587,2021,standard,6,23,2021-10-22,20:00,Finished,128,112
9588,2021,standard,14,25,2021-10-22,20:00,Finished,124,91
9589,2021,standard,9,31,2021-10-22,21:00,Finished,102,96
9590,2021,standard,17,28,2021-10-22,22:00,Finished,105,115
9591,2021,standard,30,40,2021-10-22,22:00,Finished,101,110
9592,2021,standard,7,1,2021-10-23,18:00,Finished,101,95
9593,2021,standard,15,20,2021-10-23,19:00,Finished,102,91
9594,2021,standard,38,8,2021-10-23,19:30,Finished,95,103
9595,2021,standard,6,10,2021-10-23,20:00,Finished,97,82
9596,2021,standard,22,23,2021-10-23,20:00,Finished,96,89
9597,2021,standard,31,21,2021-10-23,20:30,Finished,111,121
9598,2021,standard,29,28,2021-10-23,22:00,Finished,134,105
9599,2021,standard,16,19,2021-10-23,22:30,Finished,114,120
9600,2021,standard,4,5,2021-10-24,16:00,Finished,95,111
9601,2021,standard,24,26,2021-10-24,19:00,Finished,104,110
9602,2021,standard,14,2,2021-10-24,19:00,Finished,97,107
9603,2021,standard,25,27,2021-10-24,19:00,Finished,103,115
9604,2021,standard,30,11,2021-10-24,21:00,Finished,107,119
9605,2021,standard,17,19,2021-10-24,21:30,Finished,121,118
9606,2021,standard,5,2,2021-10-25,19:00,Finished,129,140
9607,2021,standard,15,21,2021-10-25,19:00,Finished,109,119
9608,2021,standard,1,10,2021-10-25,19:30,Finished,122,104
9609,2021,standard,4,41,2021-10-25,19:30,Finished,104,90
9610,2021,standard,20,26,2021-10-25,19:30,Finished,107,90
9611,2021,standard,38,6,2021-10-25,19:30,Finished,108,111
9612,2021,standard,22,23,2021-10-25,20:00,Finished,98,107
9613,2021,standard,9,7,2021-10-25,21:00,Finished,87,99
9614,2021,standard,16,29,2021-10-25,22:30,Finished,116,86
9615,2021,standard,24,27,2021-10-26,19:30,Finished,112,99
9616,2021,standard,25,11,2021-10-26,20:00,Finished,98,106
9617,2021,standard,8,14,2021-10-26,20:30,Finished,116,106
9618,2021,standard,31,17,2021-10-26,20:30,Finished,121,125
9619,2021,standard,40,9,2021-10-26,22:00,Finished,122,110
9620,2021,standard,26,5,2021-10-27,19:00,Finished,111,120
9621,2021,standard,2,41,2021-10-27,19:30,Finished,107,116
9622,2021,standard,4,20,2021-10-27,19:30,Finished,93,106
9623,2021,standard,38,15,2021-10-27,19:30,Finished,118,100
9624,2021,standard,23,1,2021-10-27,19:30,Finished,99,102
8846,2021,standard,21,22,2021-10-27,20:00,Finished,108,113
8847,2021,standard,25,17,2021-10-27,20:00,Finished,123,115
8848,2021,standard,28,30,2021-10-27,22:00,Finished,107,110
8849,2021,standard,29,19,2021-10-27,22:00,Finished,116,96
8850,2021,standard,16,7,2021-10-27,22:30,Finished,79,92
8851,2021,standard,27,10,2021-10-28,19:00,Finished,110,102
9631,2021,standard,41,1,2021-10-28,19:00,Finished,122,111
9632,2021,standard,6,24,2021-10-28,20:00,Finished,103,104
9633,2021,standard,14,40,2021-10-28,20:00,Finished,91,122
9634,2021,standard,8,31,2021-10-28,20:30,Finished,104,99
9635,2021,standard,11,19,2021-10-28,22:00,Finished,101,104
9636,2021,standard,38,26,2021-10-29,19:00,Finished,110,109
9637,2021,standard,4,15,2021-10-29,19:30,Finished,105,98
9638,2021,standard,20,5,2021-10-29,19:30,Finished,114,99
9639,2021,standard,23,30,2021-10-29,20:00,Finished,109,113
9640,2021,standard,9,8,2021-10-29,22:00,Finished,106,75
9641,2021,standard,29,16,2021-10-29,22:00,Finished,111,92
9642,2021,standard,17,7,2021-10-29,22:30,Finished,113,101
9643,2021,standard,41,2,2021-10-30,17:00,Finished,115,112
9644,2021,standard,10,26,2021-10-30,19:00,Finished,110,103
9645,2021,standard,23,24,2021-10-30,19:00,Finished,117,123
9646,2021,standard,15,38,2021-10-30,19:30,Finished,94,97
9647,2021,standard,27,1,2021-10-30,19:30,Finished,122,94
9648,2021,standard,6,40,2021-10-30,20:00,Finished,107,99
9649,2021,standard,19,20,2021-10-30,20:00,Finished,103,129
9650,2021,standard,21,31,2021-10-30,20:00,Finished,93,102
9651,2021,standard,11,25,2021-10-30,20:30,Finished,103,82
9652,2021,standard,22,9,2021-10-30,21:00,Finished,91,93
9653,2021,standard,28,7,2021-10-30,22:00,Finished,101,92
9654,2021,standard,8,30,2021-10-31,15:30,Finished,105,99
9655,2021,standard,5,29,2021-10-31,19:00,Finished,125,113
9656,2021,standard,21,40,2021-10-31,19:00,Finished,95,107
9657,2021,standard,4,10,2021-10-31,19:30,Finished,117,91
9658,2021,standard,17,14,2021-10-31,22:30,Finished,95,85
9659,2021,standard,5,7,2021-11-01,19:00,Finished,110,113
9660,2021,standard,15,31,2021-11-01,19:00,Finished,131,118
9661,2021,standard,27,29,2021-11-01,19:00,Finished,113,103
9662,2021,standard,1,41,2021-11-01,19:30,Finished,118,111
9663,2021,standard,2,6,2021-11-01,19:30,Finished,114,128
9664,2021,standard,24,38,2021-11-01,19:30,Finished,104,113
9665,2021,standard,19,9,2021-11-01,20:00,Finished,106,97
9666,2021,standard,22,26,2021-11-01,20:00,Finished,97,115
9667,2021,standard,16,25,2021-11-01,22:30,Finished,99,94
9668,2021,standard,10,21,2021-11-02,19:00,Finished,89,117
9669,2021,standard,8,20,2021-11-02,19:30,Finished,110,125
9670,2021,standard,40,30,2021-11-02,21:00,Finished,119,113
9671,2021,standard,28,23,2021-11-02,22:00,Finished,112,100
8893,2021,standard,17,14,2021-11-02,22:30,Finished,119,117
8894,2021,standard,7,29,2021-11-03,19:00,Finished,107,104
8895,2021,standard,15,24,2021-11-03,19:00,Finished,111,98
8896,2021,standard,26,2,2021-11-03,19:00,Finished,79,92
8897,2021,standard,27,6,2021-11-03,19:00,Finished,103,98
8898,2021,standard,41,38,2021-11-03,19:00,Finished,100,109
8899,2021,standard,4,1,2021-11-03,19:30,Finished,117,108
8900,2021,standard,19,9,2021-11-03,20:00,Finished,108,106
8901,2021,standard,22,16,2021-11-03,20:00,Finished,115,126
8902,2021,standard,31,8,2021-11-03,20:30,Finished,108,109
8903,2021,standard,11,5,2021-11-03,22:00,Finished,114,92
8904,2021,standard,30,23,2021-11-03,22:00,Finished,112,99
8905,2021,standard,10,27,2021-11-04,19:00,Finished,98,109
8906,2021,standard,1,40,2021-11-04,19:30,Finished,98,116
8907,2021,standard,20,2,2021-11-04,19:30,Finished,78,95
8908,2021,standard,28,14,2021-11-04,22:00,Finished,123,111
8909,2021,standard,17,25,2021-11-04,22:30,Finished,104,107
8910,2021,standard,10,4,2021-11-05,19:00,Finished,90,96
8911,2021,standard,26,31,2021-11-05,19:00,Finished,89,102
8912,2021,standard,41,19,2021-11-05,19:00,Finished,115,87
8913,2021,standard,38,7,2021-11-05,19:30,Finished,101,102
8914,2021,standard,21,24,2021-11-05,19:30,Finished,98,113
8915,2021,standard,22,16,2021-11-05,20:00,Finished,84,104
8916,2021,standard,11,23,2021-11-05,22:00,Finished,126,85
8917,2021,standard,29,15,2021-11-05,22:00,Finished,110,106
8918,2021,standard,30,5,2021-11-05,22:00,Finished,140,110
8919,2021,standard,9,14,2021-11-06,17:00,Finished,95,94
8920,2021,standard,20,40,2021-11-06,19:30,Finished,118,115
8921,2021,standard,6,27,2021-11-06,20:00,Finished,105,114
8922,2021,standard,8,2,2021-11-06,20:30,Finished,107,104
8923,2021,standard,28,1,2021-11-06,22:00,Finished,121,117
8924,2021,standard,29,17,2021-11-06,22:30,Finished,105,90
8925,2021,standard,38,4,2021-11-07,15:30,Finished,103,116
8926,2021,standard,24,7,2021-11-07,18:00,Finished,109,126
8927,2021,standard,26,40,2021-11-07,18:00,Finished,107,100
8928,2021,standard,41,21,2021-11-07,18:00,Finished,101,94
8929,2021,standard,30,15,2021-11-07,18:00,Finished,91,94
8930,2021,standard,25,31,2021-11-07,19:00,Finished,99,94
8931,2021,standard,11,14,2021-11-07,20:30,Finished,120,107
8932,2021,standard,16,5,2021-11-07,21:00,Finished,120,106
8933,2021,standard,27,24,2021-11-08,19:00,Finished,96,103
8934,2021,standard,6,4,2021-11-08,20:00,Finished,118,95
8935,2021,standard,19,22,2021-11-08,20:00,Finished,125,118
8936,2021,standard,8,23,2021-11-08,20:30,Finished,108,92
8937,2021,standard,9,20,2021-11-08,21:00,Finished,113,96
8938,2021,standard,11,1,2021-11-08,22:00,Finished,127,113
8939,2021,standard,30,28,2021-11-08,22:00,Finished,104,109
9719,2021,standard,17,5,2021-11-08,22:30,Finished,126,123
9720,2021,standard,27,21,2021-11-09,19:30,Finished,109,118
9721,2021,standard,40,1,2021-11-09,21:00,Finished,110,98
9722,2021,standard,16,29,2021-11-09,22:00,Finished,117,109
9723,2021,standard,7,41,2021-11-10,19:00,Finished,94,97
9724,2021,standard,26,4,2021-11-10,19:00,Finished,90,123
9725,2021,standard,2,38,2021-11-10,19:30,Finished,104,88
9726,2021,standard,24,21,2021-11-10,19:30,Finished,100,112
9727,2021,standard,14,10,2021-11-10,19:30,Finished,104,112
9728,2021,standard,6,8,2021-11-10,20:00,Finished,117,107
9729,2021,standard,19,5,2021-11-10,20:00,Finished,108,118
9730,2021,standard,23,25,2021-11-10,20:00,Finished,100,108
9731,2021,standard,31,30,2021-11-10,20:30,Finished,136,117
9732,2021,standard,9,15,2021-11-10,21:00,Finished,101,98
9733,2021,standard,28,29,2021-11-10,21:00,Finished,119,109
9734,2021,standard,11,22,2021-11-10,22:00,Finished,123,110
9735,2021,standard,17,20,2021-11-10,22:00,Finished,120,117
9736,2021,standard,27,38,2021-11-11,19:00,Finished,109,115
9737,2021,standard,40,15,2021-11-11,21:00,Finished,100,111
9738,2021,standard,16,20,2021-11-11,22:30,Finished,112,109
9739,2021,standard,5,24,2021-11-12,19:00,Finished,104,96
9740,2021,standard,2,21,2021-11-12,19:30,Finished,122,113
9741,2021,standard,7,10,2021-11-12,19:30,Finished,98,78
9742,2021,standard,14,29,2021-11-12,20:00,Finished,92,104
9743,2021,standard,19,28,2021-11-12,20:00,Finished,94,119
9744,2021,standard,23,4,2021-11-12,20:00,Finished,112,120
9745,2021,standard,25,30,2021-11-12,20:00,Finished,105,103
9746,2021,standard,31,8,2021-11-12,20:30,Finished,109,123
9747,2021,standard,9,1,2021-11-12,21:00,Finished,105,96
9748,2021,standard,11,6,2021-11-12,22:00,Finished,119,93
9749,2021,standard,17,22,2021-11-12,22:30,Finished,83,107
9750,2021,standard,40,20,2021-11-13,17:00,Finished,105,111
9751,2021,standard,15,27,2021-11-13,19:00,Finished,118,113
9752,2021,standard,26,41,2021-11-13,19:00,Finished,92,104
9753,2021,standard,23,19,2021-11-13,19:00,Finished,112,101
9754,2021,standard,38,10,2021-11-13,19:30,Finished,121,127
9755,2021,standard,7,2,2021-11-13,20:00,Finished,91,89
9756,2021,standard,16,22,2021-11-13,22:30,Finished,129,102
9757,2021,standard,17,31,2021-11-14,15:30,Finished,114,106
9758,2021,standard,1,21,2021-11-14,18:00,Finished,120,100
9759,2021,standard,5,11,2021-11-14,19:00,Finished,106,102
9760,2021,standard,14,28,2021-11-14,19:00,Finished,89,115
9761,2021,standard,25,4,2021-11-14,19:00,Finished,96,120
9762,2021,standard,9,29,2021-11-14,20:00,Finished,124,95
9763,2021,standard,16,6,2021-11-14,21:30,Finished,90,100
9764,2021,standard,7,2,2021-11-15,19:00,Finished,92,98
9765,2021,standard,10,30,2021-11-15,19:00,Finished,107,129
9766,2021,standard,41,23,2021-11-15,19:00,Finished,105,100
9767,2021,standard,1,26,2021-11-15,19:30,Finished,129,111
9768,2021,standard,24,15,2021-11-15,19:30,Finished,92,84
9769,2021,standard,8,9,2021-11-15,20:00,Finished,111,101
9770,2021,standard,19,14,2021-11-15,20:00,Finished,136,102
9771,2021,standard,22,28,2021-11-15,20:00,Finished,96,99
9772,2021,standard,25,20,2021-11-15,20:00,Finished,90,103
9773,2021,standard,29,38,2021-11-15,22:00,Finished,118,113
9774,2021,standard,17,6,2021-11-15,22:30,Finished,103,121
9775,2021,standard,4,11,2021-11-16,19:30,Finished,99,117
9776,2021,standard,40,27,2021-11-16,22:00,Finished,120,85
9777,2021,standard,16,31,2021-11-16,22:30,Finished,106,92
9778,2021,standard,5,41,2021-11-17,19:00,Finished,97,87
9779,2021,standard,10,15,2021-11-17,19:00,Finished,97,89
9780,2021,standard,1,2,2021-11-17,19:30,Finished,110,99
9781,2021,standard,4,7,2021-11-17,19:30,Finished,109,99
9782,2021,standard,20,23,2021-11-17,19:30,Finished,113,98
9783,2021,standard,24,26,2021-11-17,19:30,Finished,98,104
9784,2021,standard,21,17,2021-11-17,19:30,Finished,109,102
9785,2021,standard,22,30,2021-11-17,20:00,Finished,107,97
9786,2021,standard,25,14,2021-11-17,20:00,Finished,101,89
9787,2021,standard,28,8,2021-11-17,22:00,Finished,105,98
9788,2021,standard,29,6,2021-11-17,22:00,Finished,112,107
9789,2021,standard,7,11,2021-11-18,19:30,Finished,89,104
9790,2021,standard,20,41,2021-11-18,19:30,Finished,112,97
9791,2021,standard,19,16,2021-11-18,20:00,Finished,120,108
9792,2021,standard,22,31,2021-11-18,20:00,Finished,115,90
9793,2021,standard,9,27,2021-11-18,21:00,Finished,89,103
9794,2021,standard,40,38,2021-11-18,21:00,Finished,119,103
9795,2021,standard,5,15,2021-11-19,19:00,Finished,121,118
9796,2021,standard,10,11,2021-11-19,19:00,Finished,102,105
9797,2021,standard,2,17,2021-11-19,19:30,Finished,130,108
9798,2021,standard,4,26,2021-11-19,19:30,Finished,115,113
9799,2021,standard,21,25,2021-11-19,20:00,Finished,96,89
9800,2021,standard,23,16,2021-11-19,20:00,Finished,94,81
9801,2021,standard,9,6,2021-11-19,21:00,Finished,108,114
9802,2021,standard,28,8,2021-11-19,22:00,Finished,112,104
9803,2021,standard,30,38,2021-11-19,22:00,Finished,89,108
9804,2021,standard,24,14,2021-11-20,17:00,Finished,106,99
9805,2021,standard,15,23,2021-11-20,19:00,Finished,111,94
9806,2021,standard,41,20,2021-11-20,19:00,Finished,103,100
9807,2021,standard,1,5,2021-11-20,19:30,Finished,115,105
9808,2021,standard,2,25,2021-11-20,19:30,Finished,111,105
9809,2021,standard,21,26,2021-11-20,20:00,Finished,117,108
9810,2021,standard,22,19,2021-11-20,20:00,Finished,138,95
9811,2021,standard,29,27,2021-11-20,22:00,Finished,118,111
9812,2021,standard,30,40,2021-11-20,22:00,Finished,105,123
9813,2021,standard,16,8,2021-11-21,15:30,Finished,97,91
9814,2021,standard,10,17,2021-11-21,18:00,Finished,116,121
9815,2021,standard,6,24,2021-11-21,20:00,Finished,109,103
9816,2021,standard,28,9,2021-11-21,20:00,Finished,126,97
9817,2021,standard,11,38,2021-11-21,20:30,Finished,119,104
9818,2021,standard,7,4,2021-11-22,19:00,Finished,112,117
9819,2021,standard,41,5,2021-11-22,19:00,Finished,103,109
9820,2021,standard,1,25,2021-11-22,19:30,Finished,113,101
9821,2021,standard,2,14,2021-11-22,19:30,Finished,108,90
9822,2021,standard,6,15,2021-11-22,20:00,Finished,77,109
9823,2021,standard,21,26,2021-11-22,20:00,Finished,123,92
9824,2021,standard,23,22,2021-11-22,20:00,Finished,96,110
9825,2021,standard,31,28,2021-11-22,20:30,Finished,111,115
9826,2021,standard,40,19,2021-11-22,21:00,Finished,118,119
9827,2021,standard,30,27,2021-11-22,22:00,Finished,94,102
9828,2021,standard,10,20,2021-11-23,19:00,Finished,92,100
9829,2021,standard,24,17,2021-11-23,19:30,Finished,106,100
9830,2021,standard,29,9,2021-11-23,22:00,Finished,119,100
9831,2021,standard,16,8,2021-11-23,22:30,Finished,104,112
9832,2021,standard,7,28,2021-11-24,19:00,Finished,115,120
9833,2021,standard,15,17,2021-11-24,19:00,Finished,116,124
9834,2021,standard,26,5,2021-11-24,19:00,Finished,99,106
9835,2021,standard,2,4,2021-11-24,19:30,Finished,104,123
9836,2021,standard,14,6,2021-11-24,20:00,Finished,118,113
9837,2021,standard,19,38,2021-11-24,20:00,Finished,113,126
9838,2021,standard,21,10,2021-11-24,20:00,Finished,114,93
9839,2021,standard,22,20,2021-11-24,20:00,Finished,113,101
9840,2021,standard,23,41,2021-11-24,20:00,Finished,127,102
9841,2021,standard,25,40,2021-11-24,20:00,Finished,104,110
9842,2021,standard,31,1,2021-11-24,20:30,Finished,106,124
9843,2021,standard,11,27,2021-11-24,22:00,Finished,116,96
9844,2021,standard,30,29,2021-11-24,22:00,Finished,125,121
9845,2021,standard,16,10,2021-11-26,15:30,Finished,107,96
9846,2021,standard,5,22,2021-11-26,19:00,Finished,133,115
9847,2021,standard,24,28,2021-11-26,19:00,Finished,97,118
9848,2021,standard,26,6,2021-11-26,19:00,Finished,88,123
9849,2021,standard,15,38,2021-11-26,20:00,Finished,114,97
9850,2021,standard,19,1,2021-11-26,20:00,Finished,100,132
9851,2021,standard,25,41,2021-11-26,20:00,Finished,99,101
9852,2021,standard,31,2,2021-11-26,20:30,Finished,96,88
9853,2021,standard,9,21,2021-11-26,21:00,Finished,109,120
9854,2021,standard,40,23,2021-11-26,21:00,Finished,97,98
9855,2021,standard,11,29,2021-11-26,22:00,Finished,118,103
9856,2021,standard,17,30,2021-11-26,22:30,Finished,137,141
9857,2021,standard,27,22,2021-11-27,18:00,Finished,120,121
9858,2021,standard,1,24,2021-11-27,19:30,Finished,90,99
9859,2021,standard,4,28,2021-11-27,19:30,Finished,107,113
9860,2021,standard,7,26,2021-11-27,20:00,Finished,105,92
9861,2021,standard,6,20,2021-11-27,20:00,Finished,104,107
9862,2021,standard,14,5,2021-11-27,20:00,Finished,146,143
9863,2021,standard,8,41,2021-11-27,20:30,Finished,114,120
9864,2021,standard,40,23,2021-11-27,21:00,Finished,127,105
9865,2021,standard,16,11,2021-11-28,15:30,Finished,90,105
9866,2021,standard,15,21,2021-11-28,17:00,Finished,100,118
9867,2021,standard,38,2,2021-11-28,18:00,Finished,97,109
9868,2021,standard,19,30,2021-11-28,18:00,Finished,128,101
9869,2021,standard,17,10,2021-11-28,21:30,Finished,110,106
9870,2021,standard,27,26,2021-11-29,19:00,Finished,101,96
9871,2021,standard,20,9,2021-11-29,19:30,Finished,111,120
9094,2021,standard,14,25,2021-11-29,20:00,Finished,102,89
9095,2021,standard,22,15,2021-11-29,20:00,Finished,100,98
9872,2021,standard,6,5,2021-11-29,20:00,Finished,133,119
9096,2021,standard,8,7,2021-11-29,20:30,Finished,96,114
9097,2021,standard,31,41,2021-11-29,20:30,Finished,116,99
9098,2021,standard,40,29,2021-11-29,21:00,Finished,129,107
9099,2021,standard,16,23,2021-11-29,22:30,Finished,104,123
9100,2021,standard,4,24,2021-11-30,19:30,Finished,112,110
9101,2021,standard,38,19,2021-11-30,19:30,Finished,91,98
9102,2021,standard,28,11,2021-11-30,22:00,Finished,104,96
9103,2021,standard,29,10,2021-11-30,22:00,Finished,110,92
9104,2021,standard,30,17,2021-11-30,22:00,Finished,92,117
9105,2021,standard,15,1,2021-12-01,19:00,Finished,111,114
9106,2021,standard,26,9,2021-12-01,19:00,Finished,108,103
9107,2021,standard,41,22,2021-12-01,19:00,Finished,115,107
9108,2021,standard,2,27,2021-12-01,19:30,Finished,88,87
9109,2021,standard,20,7,2021-12-01,19:30,Finished,85,111
9110,2021,standard,21,5,2021-12-01,20:00,Finished,127,125
9111,2021,standard,23,8,2021-12-01,20:00,Finished,107,139
9112,2021,standard,25,14,2021-12-01,20:00,Finished,110,114
9113,2021,standard,16,30,2021-12-01,22:30,Finished,115,124
9114,2021,standard,24,6,2021-12-02,19:30,Finished,115,119
9115,2021,standard,38,21,2021-12-02,19:30,Finished,97,93
9116,2021,standard,19,25,2021-12-02,20:00,Finished,152,79
9117,2021,standard,28,10,2021-12-02,21:00,Finished,114,103
9118,2021,standard,29,31,2021-12-02,22:00,Finished,83,114
9119,2021,standard,15,20,2021-12-03,19:00,Finished,104,113
9120,2021,standard,41,7,2021-12-03,19:00,Finished,101,116
9121,2021,standard,1,27,2021-12-03,19:30,Finished,96,98
9122,2021,standard,4,22,2021-12-03,19:30,Finished,110,105
9123,2021,standard,14,26,2021-12-03,20:00,Finished,118,116
9124,2021,standard,8,23,2021-12-03,20:30,Finished,91,107
9125,2021,standard,40,2,2021-12-03,21:00,Finished,137,130
9126,2021,standard,11,28,2021-12-03,22:00,Finished,118,96
9127,2021,standard,17,16,2021-12-03,22:00,Finished,115,119
9128,2021,standard,24,9,2021-12-04,13:00,Finished,99,113
9129,2021,standard,4,6,2021-12-04,20:00,Finished,107,111
9130,2021,standard,21,20,2021-12-04,20:00,Finished,124,102
9131,2021,standard,8,19,2021-12-04,20:30,Finished,90,97
9132,2021,standard,11,31,2021-12-04,20:30,Finished,107,112
9133,2021,standard,29,2,2021-12-04,22:00,Finished,117,145
9134,2021,standard,30,16,2021-12-04,22:00,Finished,104,99
9135,2021,standard,7,40,2021-12-05,15:30,Finished,108,109
9136,2021,standard,1,5,2021-12-05,18:00,Finished,127,130
9137,2021,standard,38,41,2021-12-05,18:00,Finished,102,90
9138,2021,standard,14,23,2021-12-05,19:00,Finished,118,108
9139,2021,standard,5,27,2021-12-06,19:00,Finished,124,127
9140,2021,standard,10,25,2021-12-06,19:00,Finished,103,114
9141,2021,standard,15,41,2021-12-06,19:00,Finished,116,110
9142,2021,standard,20,19,2021-12-06,19:30,Finished,90,105
9143,2021,standard,6,9,2021-12-06,20:00,Finished,109,97
9144,2021,standard,21,7,2021-12-06,20:00,Finished,112,104
9145,2021,standard,22,1,2021-12-06,20:00,Finished,110,121
9146,2021,standard,28,31,2021-12-06,21:00,Finished,108,104
9147,2021,standard,11,26,2021-12-06,22:00,Finished,126,95
9148,2021,standard,29,16,2021-12-06,22:00,Finished,90,102
9149,2021,standard,8,4,2021-12-07,19:30,Finished,99,102
9150,2021,standard,31,24,2021-12-07,20:30,Finished,109,121
9151,2021,standard,17,2,2021-12-07,22:00,Finished,117,102
9152,2021,standard,5,27,2021-12-08,19:00,Finished,106,110
9153,2021,standard,7,6,2021-12-08,19:00,Finished,115,92
9154,2021,standard,10,41,2021-12-08,19:00,Finished,116,119
9155,2021,standard,15,24,2021-12-08,19:00,Finished,122,102
9156,2021,standard,20,21,2021-12-08,19:30,Finished,113,104
9157,2021,standard,38,25,2021-12-08,19:30,Finished,109,110
9158,2021,standard,14,4,2021-12-08,20:00,Finished,114,104
9159,2021,standard,19,8,2021-12-08,20:00,Finished,96,104
9160,2021,standard,22,40,2021-12-08,20:00,Finished,104,136
9940,2021,standard,23,9,2021-12-08,20:00,Finished,114,120
9163,2021,standard,30,26,2021-12-08,22:00,Finished,142,130
9941,2021,standard,11,29,2021-12-08,22:00,Finished,104,94
9164,2021,standard,16,2,2021-12-08,22:30,Finished,114,111
9165,2021,standard,27,40,2021-12-09,19:00,Finished,96,118
9166,2021,standard,19,17,2021-12-09,20:00,Finished,108,95
9167,2021,standard,31,9,2021-12-09,20:30,Finished,123,111
9168,2021,standard,5,30,2021-12-10,19:00,Finished,124,123
9169,2021,standard,15,8,2021-12-10,19:00,Finished,106,93
9170,2021,standard,1,4,2021-12-10,19:30,Finished,105,113
9171,2021,standard,38,24,2021-12-10,19:30,Finished,90,87
9172,2021,standard,14,21,2021-12-10,20:00,Finished,114,123
9173,2021,standard,22,7,2021-12-10,20:00,Finished,106,123
9174,2021,standard,23,10,2021-12-10,20:00,Finished,109,93
9175,2021,standard,25,17,2021-12-10,20:00,Finished,95,116
9176,2021,standard,28,2,2021-12-10,22:00,Finished,111,90
9177,2021,standard,16,26,2021-12-11,15:30,Finished,106,104
9178,2021,standard,41,40,2021-12-11,19:00,Finished,98,123
9179,2021,standard,7,30,2021-12-11,20:00,Finished,117,103
9180,2021,standard,20,6,2021-12-11,20:00,Finished,118,92
9181,2021,standard,19,14,2021-12-11,20:00,Finished,113,106
9182,2021,standard,27,11,2021-12-11,20:30,Finished,102,93
9183,2021,standard,31,9,2021-12-11,20:30,Finished,112,127
9184,2021,standard,24,21,2021-12-12,12:00,Finished,97,112
9185,2021,standard,10,4,2021-12-12,18:00,Finished,104,116
9186,2021,standard,25,8,2021-12-12,19:00,Finished,84,103
9187,2021,standard,31,23,2021-12-12,19:00,Finished,112,97
9188,2021,standard,29,22,2021-12-12,21:00,Finished,111,116
9189,2021,standard,17,26,2021-12-12,21:30,Finished,106,94
9190,2021,standard,7,20,2021-12-13,19:00,Finished,105,94
9191,2021,standard,15,11,2021-12-13,19:00,Finished,100,102
9192,2021,standard,38,30,2021-12-13,19:00,Finished,124,101
9193,2021,standard,1,14,2021-12-13,19:30,Finished,126,132
9194,2021,standard,2,21,2021-12-13,19:30,Finished,117,103
9195,2021,standard,19,27,2021-12-13,20:00,Finished,126,91
9196,2021,standard,8,5,2021-12-13,20:30,Finished,120,96
9197,2021,standard,9,41,2021-12-13,21:00,Finished,113,107
9198,2021,standard,16,28,2021-12-13,22:30,Finished,111,95
9199,2021,standard,4,38,2021-12-14,19:30,Finished,131,129
9200,2021,standard,24,11,2021-12-14,19:30,Finished,96,105
9202,2021,standard,29,28,2021-12-14,22:00,Finished,107,111
9203,2021,standard,7,14,2021-12-15,19:00,Finished,124,89
9204,2021,standard,26,1,2021-12-15,19:00,Finished,99,111
9205,2021,standard,27,20,2021-12-15,19:00,Finished,96,101
9206,2021,standard,8,17,2021-12-15,19:30,Finished,104,107
9207,2021,standard,21,15,2021-12-15,20:00,Finished,114,99
9208,2021,standard,25,23,2021-12-15,20:00,Finished,110,113
9988,2021,standard,31,5,2021-12-15,20:30,Finished,115,131
9210,2021,standard,9,22,2021-12-15,21:00,Finished,107,124
9211,2021,standard,40,16,2021-12-15,22:00,Finished,124,103
9212,2021,standard,29,19,2021-12-15,22:00,Finished,103,113
9213,2021,standard,30,41,2021-12-15,22:00,Finished,119,105
9214,2021,standard,15,10,2021-12-16,19:00,Finished,122,113
9215,2021,standard,4,27,2021-12-16,19:30,Finished,114,105
9217,2021,standard,14,24,2021-12-16,20:00,Finished,103,116
9218,2021,standard,28,41,2021-12-16,21:00,Finished,118,98
9219,2021,standard,26,20,2021-12-17,19:00,Finished,105,115
9220,2021,standard,1,9,2021-12-17,19:30,Finished,115,133
9221,2021,standard,2,11,2021-12-17,19:30,Finished,107,111
9224,2021,standard,23,21,2021-12-17,20:00,Finished,116,112
9223,2021,standard,40,31,2021-12-17,21:00,Finished,126,128
9222,2021,standard,22,17,2021-12-17,22:00,Finished,110,92
9225,2021,standard,29,5,2021-12-17,22:00,Finished,125,116
9226,2021,standard,30,19,2021-12-17,22:00,Finished,105,124
9227,2021,standard,10,14,2021-12-18,12:00,Finished,107,116
10010,2021,standard,2,24,2021-12-18,19:00,Finished,114,107
10007,2021,standard,4,26,2021-12-18,19:30,Finished,93,100
10008,2021,standard,38,11,2021-12-18,19:30,Finished,119,100
10009,2021,standard,25,16,2021-12-18,20:00,Finished,104,103
10011,2021,standard,21,7,2021-12-18,21:00,Finished,90,119
10012,2021,standard,40,41,2021-12-18,21:00,Finished,103,109
10014,2021,standard,10,20,2021-12-19,18:00,Finished,100,90
10015,2021,standard,19,29,2021-12-19,18:00,Finished,100,105
10016,2021,standard,30,31,2021-12-19,18:00,Finished,121,114
10013,2021,standard,6,17,2021-12-19,20:00,Finished,115,110
10020,2021,standard,22,8,2021-12-19,20:00,Finished,111,105
10021,2021,standard,28,5,2021-12-19,20:00,Finished,137,106
10022,2021,standard,2,27,2021-12-20,19:30,Finished,103,108
10024,2021,standard,6,14,2021-12-20,20:00,Finished,133,118
10025,2021,standard,19,25,2021-12-20,20:00,Finished,99,102
10026,2021,standard,40,5,2021-12-20,21:00,Finished,112,102
10027,2021,standard,11,30,2021-12-20,22:00,Finished,113,98
10028,2021,standard,16,31,2021-12-20,22:30,Finished,92,116
10030,2021,standard,20,15,2021-12-21,19:30,Finished,125,96
10031,2021,standard,24,10,2021-12-21,19:30,Finished,105,91
10032,2021,standard,23,29,2021-12-21,20:00,Finished,111,97
10033,2021,standard,8,22,2021-12-21,20:30,Finished,114,102
10034,2021,standard,17,28,2021-12-21,22:00,Finished,90,108
10035,2021,standard,1,26,2021-12-22,19:30,Finished,98,104
10036,2021,standard,2,7,2021-12-22,19:30,Finished,111,101
10038,2021,standard,21,14,2021-12-22,20:00,Finished,126,106
10039,2021,standard,25,9,2021-12-22,20:00,Finished,108,94
10040,2021,standard,30,16,2021-12-22,22:00,Finished,89,105
10041,2021,standard,15,14,2021-12-23,19:00,Finished,118,106
10042,2021,standard,26,23,2021-12-23,19:00,Finished,104,110
10043,2021,standard,27,1,2021-12-23,19:00,Finished,96,98
10044,2021,standard,20,10,2021-12-23,19:30,Finished,115,112
10045,2021,standard,24,41,2021-12-23,19:30,Finished,117,124
10046,2021,standard,8,21,2021-12-23,20:30,Finished,95,102
10047,2021,standard,9,5,2021-12-23,21:00,Finished,107,115
10048,2021,standard,28,25,2021-12-23,21:00,Finished,113,101
10049,2021,standard,40,22,2021-12-23,21:00,Finished,128,116
10050,2021,standard,11,19,2021-12-23,22:00,Finished,113,104
10052,2021,standard,17,31,2021-12-23,22:30,Finished,110,138
10053,2021,standard,24,1,2021-12-25,12:00,Finished,101,87
10054,2021,standard,21,2,2021-12-25,14:30,Finished,117,113
10055,2021,standard,28,11,2021-12-25,17:00,Finished,107,116
10056,2021,standard,17,4,2021-12-25,20:00,Finished,115,122
10057,2021,standard,40,8,2021-12-25,22:30,Finished,120,116
10058,2021,standard,20,26,2021-12-26,15:30,Finished,93,83
10059,2021,standard,7,38,2021-12-26,18:00,Finished,144,99
10060,2021,standard,41,27,2021-12-26,18:00,Finished,96,117
10061,2021,standard,30,19,2021-12-26,18:00,Finished,102,127
10062,2021,standard,25,23,2021-12-26,19:00,Finished,117,112
10063,2021,standard,31,10,2021-12-26,19:00,Finished,144,109
10064,2021,standard,6,15,2021-12-26,20:00,Finished,113,105
10065,2021,standard,16,9,2021-12-26,21:00,Finished,100,103
10066,2021,standard,5,14,2021-12-27,19:00,Finished,123,99
10067,2021,standard,1,6,2021-12-27,19:30,Finished,118,130
10068,2021,standard,22,2,2021-12-27,20:00,Finished,108,103
10069,2021,standard,31,40,2021-12-27,20:30,Finished,104,110
10070,2021,standard,28,19,2021-12-27,21:00,Finished,113,114
10071,2021,standard,29,8,2021-12-27,22:00,Finished,117,132
10072,2021,standard,16,4,2021-12-27,22:30,Finished,108,124
10073,2021,standard,26,21,2021-12-28,19:00,Finished,110,127
10074,2021,standard,20,41,2021-12-28,19:30,Finished,119,112
10075,2021,standard,38,27,2021-12-28,19:30,Finished,109,114
10076,2021,standard,14,17,2021-12-28,20:00,Finished,123,132
10077,2021,standard,22,24,2021-12-28,20:00,Finished,88,96
10078,2021,standard,23,7,2021-12-28,20:00,Finished,108,104
10079,2021,standard,11,9,2021-12-28,22:00,Finished,86,89
10080,2021,standard,30,25,2021-12-28,22:00,Finished,117,111
10081,2021,standard,10,24,2021-12-29,19:00,Finished,85,94
10082,2021,standard,15,5,2021-12-29,19:00,Finished,108,116
10083,2021,standard,2,16,2021-12-29,19:30,Finished,82,91
10084,2021,standard,6,1,2021-12-29,20:00,Finished,131,117
10085,2021,standard,19,17,2021-12-29,20:00,Finished,104,99
10087,2021,standard,28,25,2021-12-29,21:00,Finished,115,97
9309,2021,standard,29,40,2021-12-29,22:00,Finished,105,120
9310,2021,standard,30,8,2021-12-29,22:30,Finished,95,94
9311,2021,standard,4,27,2021-12-30,19:00,Finished,102,110
9312,2021,standard,26,21,2021-12-30,19:00,Finished,118,136
9313,2021,standard,41,7,2021-12-30,19:00,Finished,110,93
9315,2021,standard,2,28,2021-12-31,13:00,Finished,123,108
9316,2021,standard,15,6,2021-12-31,15:00,Finished,106,108
9317,2021,standard,30,8,2021-12-31,18:00,Finished,96,112
9318,2021,standard,14,20,2021-12-31,19:00,Finished,110,120
9319,2021,standard,7,1,2021-12-31,19:30,Finished,118,121
9320,2021,standard,38,16,2021-12-31,19:30,Finished,116,108
10100,2021,standard,19,31,2021-12-31,20:00,Finished,118,105
10101,2021,standard,25,24,2021-12-31,20:00,Finished,95,80
10102,2021,standard,40,22,2021-12-31,21:00,Finished,120,108
10103,2021,standard,17,29,2021-12-31,22:30,Finished,139,106
10104,2021,standard,21,23,2022-01-01,18:30,Finished,136,113
10105,2021,standard,10,31,2022-01-01,19:00,Finished,117,116
10106,2021,standard,41,6,2022-01-01,19:00,Finished,119,120
10107,2021,standard,4,16,2022-01-01,19:30,Finished,116,120
10108,2021,standard,14,9,2022-01-01,20:00,Finished,111,124
10109,2021,standard,40,11,2022-01-01,21:00,Finished,116,123
10110,2021,standard,38,24,2022-01-02,15:30,Finished,120,105
10111,2021,standard,2,26,2022-01-02,18:00,Finished,116,111
10112,2021,standard,7,15,2022-01-02,18:00,Finished,108,104
10113,2021,standard,30,20,2022-01-02,18:00,Finished,115,113
10114,2021,standard,5,28,2022-01-02,19:00,Finished,99,133
10115,2021,standard,25,8,2022-01-02,19:00,Finished,86,95
10116,2021,standard,17,22,2022-01-02,21:30,Finished,108,103
10117,2021,standard,27,14,2022-01-03,19:00,Finished,133,113
10118,2021,standard,41,5,2022-01-03,19:00,Finished,124,121
10119,2021,standard,4,19,2022-01-03,19:30,Finished,104,118
10120,2021,standard,6,26,2022-01-03,20:00,Finished,102,98
10121,2021,standard,21,10,2022-01-03,20:00,Finished,106,115
10122,2021,standard,23,40,2022-01-03,20:00,Finished,104,115
10123,2021,standard,8,9,2022-01-03,20:30,Finished,103,89
10124,2021,standard,11,20,2022-01-03,22:00,Finished,115,108
10125,2021,standard,29,1,2022-01-03,22:00,Finished,136,131
10126,2021,standard,16,22,2022-01-03,22:30,Finished,104,122
10127,2021,standard,7,19,2022-01-04,19:00,Finished,106,110
10128,2021,standard,38,31,2022-01-04,19:00,Finished,129,104
10129,2021,standard,24,15,2022-01-04,19:30,Finished,104,94
10130,2021,standard,23,28,2022-01-04,20:00,Finished,110,123
10131,2021,standard,17,30,2022-01-04,22:30,Finished,122,114
10132,2021,standard,5,10,2022-01-05,19:00,Finished,140,111
10133,2021,standard,26,27,2022-01-05,19:00,Finished,106,116
10134,2021,standard,41,14,2022-01-05,19:00,Finished,111,114
10135,2021,standard,2,31,2022-01-05,19:30,Finished,97,99
10136,2021,standard,15,4,2022-01-05,19:30,Finished,121,129
10137,2021,standard,8,11,2022-01-05,19:30,Finished,99,82
10138,2021,standard,21,38,2022-01-05,20:00,Finished,111,117
10139,2021,standard,22,25,2022-01-05,20:00,Finished,98,90
10140,2021,standard,9,40,2022-01-05,22:00,Finished,109,115
10141,2021,standard,29,20,2022-01-05,22:00,Finished,109,115
10142,2021,standard,30,1,2022-01-05,22:00,Finished,102,108
10143,2021,standard,24,2,2022-01-06,19:30,Finished,108,105
10144,2021,standard,19,10,2022-01-06,20:00,Finished,118,88
10145,2021,standard,23,11,2022-01-06,20:00,Finished,101,96
10146,2021,standard,28,16,2022-01-06,22:00,Finished,106,89
10147,2021,standard,27,31,2022-01-07,19:00,Finished,119,100
10148,2021,standard,4,21,2022-01-07,19:30,Finished,109,121
10149,2021,standard,38,40,2022-01-07,19:30,Finished,122,108
10150,2021,standard,6,41,2022-01-07,20:00,Finished,130,122
10151,2021,standard,14,8,2022-01-07,20:00,Finished,106,130
10152,2021,standard,25,22,2022-01-07,20:00,Scheduled,,
10153,2021,standard,9,30,2022-01-07,21:00,Finished,121,111
10154,2021,standard,17,1,2022-01-07,22:00,Finished,134,118
10155,2021,standard,29,7,2022-01-07,22:00,Finished,101,114
10156,2021,standard,16,19,2022-01-08,15:30,Finished,108,123
10157,2021,standard,5,21,2022-01-08,19:00,Finished,114,106
10158,2021,standard,10,26,2022-01-08,19:00,Finished,97,92
10159,2021,standard,15,40,2022-01-08,19:00,Finished,125,113
10160,2021,standard,2,24,2022-01-08,19:30,Finished,99,75
10161,2021,standard,28,20,2022-01-08,21:00,Finished,100,123
10167,2021,standard,4,31,2022-01-09,12:00,Finished,121,119
10162,2021,standard,16,1,2022-01-09,15:30,Finished,106,93
10163,2021,standard,26,41,2022-01-09,18:00,Finished,100,102
10164,2021,standard,38,23,2022-01-09,18:00,Finished,105,101
10165,2021,standard,14,22,2022-01-09,19:00,Finished,123,141
10166,2021,standard,25,9,2022-01-09,19:00,Finished,95,99
10168,2021,standard,8,6,2022-01-09,19:30,Finished,113,99
10169,2021,standard,11,7,2022-01-09,20:30,Finished,96,82
10170,2021,standard,29,30,2022-01-09,21:00,Finished,103,88
10171,2021,standard,17,19,2022-01-09,21:30,Finished,119,127
10172,2021,standard,5,21,2022-01-10,19:00,Finished,103,99
10173,2021,standard,10,40,2022-01-10,19:00,Finished,126,116
10174,2021,standard,2,15,2022-01-10,19:30,Finished,101,98
10175,2021,standard,24,31,2022-01-10,19:30,Finished,111,96
10276,2021,standard,14,27,2022-01-10,20:00,Finished,91,111
10051,2021,standard,29,4,2022-01-10,22:00,Finished,114,108
10176,2021,standard,30,7,2022-01-10,22:00,Finished,108,109
10177,2021,standard,41,25,2022-01-11,19:00,Finished,122,118
10178,2021,standard,38,28,2022-01-11,19:30,Finished,95,99
10179,2021,standard,19,11,2022-01-11,20:00,Finished,116,108
10180,2021,standard,23,22,2022-01-11,20:00,Finished,128,125
9201,2021,standard,6,10,2022-01-11,20:00,Finished,133,87
10181,2021,standard,16,9,2022-01-11,22:30,Finished,87,85
10183,2021,standard,15,2,2022-01-12,19:00,In Play,49,54
10184,2021,standard,27,5,2022-01-12,19:00,In Play,50,64
10185,2021,standard,41,26,2022-01-12,19:00,In Play,52,43
10186,2021,standard,1,20,2022-01-12,19:30,In Play,33,30
10187,2021,standard,24,8,2022-01-12,19:30,In Play,30,21
10188,2021,standard,31,14,2022-01-12,20:30,Scheduled,0,0
10189,2021,standard,40,7,2022-01-12,21:00,Scheduled,,
10190,2021,standard,6,4,2022-01-12,22:00,Scheduled,,
10191,2021,standard,30,17,2022-01-12,22:00,Scheduled,,
10192,2021,standard,21,11,2022-01-13,19:30,Scheduled,,
10193,2021,standard,19,22,2022-01-13,20:00,Scheduled,,
10194,2021,standard,23,16,2022-01-13,20:00,Scheduled,,
10195,2021,standard,4,25,2022-01-13,20:30,Scheduled,,
10196,2021,standard,9,29,2022-01-13,22:00,Scheduled,,
10197,2021,standard,5,26,2022-01-14,19:00,Scheduled,,
10198,2021,standard,10,38,2022-01-14,19:00,Scheduled,,
10199,2021,standard,15,28,2022-01-14,19:00,Scheduled,,
10200,2021,standard,27,2,2022-01-14,19:00,Scheduled,,
10202,2021,standard,6,11,2022-01-14,19:30,Scheduled,,
10201,2021,standard,20,1,2022-01-14,20:00,Scheduled,,
10203,2021,standard,31,7,2022-01-14,20:30,Scheduled,,
10204,2021,standard,19,8,2022-01-14,22:00,Scheduled,,
10205,2021,standard,30,14,2022-01-14,22:00,Scheduled,,
10206,2021,standard,21,38,2022-01-15,18:30,Scheduled,,
10207,2021,standard,41,29,2022-01-15,19:00,Scheduled,,
10208,2021,standard,1,24,2022-01-15,19:30,Scheduled,,
10209,2021,standard,4,23,2022-01-15,19:30,Scheduled,,
10210,2021,standard,20,27,2022-01-15,20:00,Scheduled,,
10211,2021,standard,25,7,2022-01-15,20:00,Scheduled,,
10212,2021,standard,2,6,2022-01-15,20:30,Scheduled,,
10213,2021,standard,31,16,2022-01-15,20:30,Scheduled,,
10214,2021,standard,9,17,2022-01-15,21:00,Scheduled,,
10215,2021,standard,8,26,2022-01-15,21:30,Scheduled,,
10182,2021,standard,10,28,2022-01-16,13:00,Scheduled,,
10216,2021,standard,30,14,2022-01-16,18:00,Scheduled,,
10217,2021,standard,22,11,2022-01-16,20:00,Scheduled,,
10218,2021,standard,9,40,2022-01-16,20:00,Scheduled,,
10219,2021,standard,2,23,2022-01-17,12:30,Scheduled,,
10220,2021,standard,24,5,2022-01-17,13:00,Scheduled,,
10221,2021,standard,41,27,2022-01-17,14:00,Scheduled,,
10222,2021,standard,7,4,2022-01-17,15:00,Scheduled,,
10223,2021,standard,19,6,2022-01-17,15:30,Scheduled,,
10224,2021,standard,16,15,2022-01-17,15:30,Scheduled,,
10225,2021,standard,1,21,2022-01-17,18:00,Scheduled,,
10226,2021,standard,26,29,2022-01-17,19:00,Scheduled,,
10227,2021,standard,20,38,2022-01-17,19:30,Scheduled,,
10228,2021,standard,8,25,2022-01-17,20:30,Scheduled,,
10229,2021,standard,31,28,2022-01-17,20:30,Scheduled,,
10230,2021,standard,17,40,2022-01-17,22:30,Scheduled,,
10231,2021,standard,24,22,2022-01-18,19:30,Scheduled,,
10232,2021,standard,11,10,2022-01-18,22:00,Scheduled,,
10233,2021,standard,27,26,2022-01-19,19:00,Scheduled,,
10234,2021,standard,41,4,2022-01-19,19:00,Scheduled,,
10235,2021,standard,1,22,2022-01-19,19:30,Scheduled,,
10236,2021,standard,2,5,2022-01-19,19:30,Scheduled,,
10237,2021,standard,20,29,2022-01-19,19:30,Scheduled,,
10238,2021,standard,6,7,2022-01-19,20:00,Scheduled,,
10239,2021,standard,21,19,2022-01-19,20:00,Scheduled,,
10240,2021,standard,8,38,2022-01-19,20:30,Scheduled,,
10241,2021,standard,31,25,2022-01-19,20:30,Scheduled,,
10242,2021,standard,40,14,2022-01-19,21:00,Scheduled,,
10243,2021,standard,9,16,2022-01-19,22:00,Scheduled,,
10244,2021,standard,30,10,2022-01-19,22:00,Scheduled,,
10245,2021,standard,17,15,2022-01-19,22:30,Scheduled,,
10246,2021,standard,24,23,2022-01-20,19:30,Scheduled,,
10247,2021,standard,8,28,2022-01-20,19:30,Scheduled,,
10248,2021,standard,11,15,2022-01-20,22:00,Scheduled,,
10249,2021,standard,5,25,2022-01-21,19:00,Scheduled,,
10250,2021,standard,26,17,2022-01-21,19:00,Scheduled,,
10251,2021,standard,27,16,2022-01-21,19:00,Scheduled,,
10252,2021,standard,1,20,2022-01-21,19:30,Scheduled,,
10253,2021,standard,2,29,2022-01-21,19:30,Scheduled,,
10254,2021,standard,41,38,2022-01-21,20:00,Scheduled,,
10255,2021,standard,21,6,2022-01-21,20:00,Scheduled,,
10256,2021,standard,31,4,2022-01-21,20:30,Scheduled,,
10257,2021,standard,9,19,2022-01-21,21:00,Scheduled,,
10258,2021,standard,40,10,2022-01-21,21:00,Scheduled,,
10259,2021,standard,11,14,2022-01-21,22:00,Scheduled,,
10260,2021,standard,7,25,2022-01-22,20:00,Scheduled,,
10261,2021,standard,21,30,2022-01-22,20:00,Scheduled,,
10262,2021,standard,28,15,2022-01-22,21:00,Scheduled,,
10263,2021,standard,24,16,2022-01-23,13:00,Scheduled,,
10264,2021,standard,41,2,2022-01-23,15:30,Scheduled,,
10265,2021,standard,20,17,2022-01-23,18:00,Scheduled,,
10266,2021,standard,26,6,2022-01-23,18:00,Scheduled,,
10267,2021,standard,38,29,2022-01-23,18:00,Scheduled,,
10268,2021,standard,5,1,2022-01-23,19:00,Scheduled,,
10269,2021,standard,31,27,2022-01-23,19:00,Scheduled,,
10270,2021,standard,8,19,2022-01-23,19:30,Scheduled,,
10271,2021,standard,22,4,2022-01-23,20:00,Scheduled,,
10272,2021,standard,9,10,2022-01-23,20:00,Scheduled,,
10273,2021,standard,11,40,2022-01-23,20:30,Scheduled,,
10274,2021,standard,7,24,2022-01-24,19:00,Scheduled,,
10277,2021,standard,23,15,2022-01-24,20:00,Scheduled,,
10295,2021,standard,25,6,2022-01-24,20:00,Scheduled,,
10278,2021,standard,28,40,2022-01-24,21:00,Scheduled,,
10019,2021,standard,27,23,2022-01-25,19:00,Scheduled,,
10279,2021,standard,10,9,2022-01-25,19:00,Scheduled,,
10280,2021,standard,38,5,2022-01-25,19:00,Scheduled,,
10281,2021,standard,41,16,2022-01-25,19:00,Scheduled,,
10282,2021,standard,2,30,2022-01-25,19:30,Scheduled,,
10283,2021,standard,4,17,2022-01-25,19:30,Scheduled,,
10284,2021,standard,14,31,2022-01-25,20:00,Scheduled,,
10285,2021,standard,11,8,2022-01-25,22:00,Scheduled,,
10286,2021,standard,29,22,2022-01-25,22:00,Scheduled,,
10287,2021,standard,7,21,2022-01-26,19:00,Scheduled,,
10288,2021,standard,15,5,2022-01-26,19:00,Scheduled,,
10289,2021,standard,26,16,2022-01-26,19:00,Scheduled,,
10018,2021,standard,4,9,2022-01-26,19:30,Scheduled,,
10290,2021,standard,1,30,2022-01-26,19:30,Scheduled,,
10292,2021,standard,20,24,2022-01-26,19:30,Scheduled,,
10293,2021,standard,31,19,2022-01-26,19:30,Scheduled,,
10037,2021,standard,6,38,2022-01-26,20:00,Scheduled,,
10296,2021,standard,40,28,2022-01-26,22:00,Scheduled,,
10297,2021,standard,29,8,2022-01-26,22:00,Scheduled,,
10298,2021,standard,27,17,2022-01-27,19:30,Scheduled,,
10299,2021,standard,11,22,2022-01-27,22:00,Scheduled,,
10300,2021,standard,5,17,2022-01-28,19:00,Scheduled,,
10301,2021,standard,26,10,2022-01-28,19:00,Scheduled,,
10302,2021,standard,1,2,2022-01-28,19:30,Scheduled,,
10294,2021,standard,23,9,2022-01-28,20:00,Scheduled,,
10303,2021,standard,20,16,2022-01-28,20:00,Scheduled,,
10304,2021,standard,14,29,2022-01-28,20:00,Scheduled,,
10305,2021,standard,19,40,2022-01-28,20:00,Scheduled,,
10306,2021,standard,25,15,2022-01-28,20:00,Scheduled,,
10307,2021,standard,31,6,2022-01-28,20:30,Scheduled,,
10308,2021,standard,28,22,2022-01-28,21:00,Scheduled,,
10309,2021,standard,21,24,2022-01-28,22:00,Scheduled,,
10310,2021,standard,23,2,2022-01-29,19:00,Scheduled,,
10311,2021,standard,8,15,2022-01-29,19:00,Scheduled,,
10312,2021,standard,27,30,2022-01-29,19:30,Scheduled,,
10313,2021,standard,20,38,2022-01-29,20:00,Scheduled,,
10314,2021,standard,19,41,2022-01-29,20:00,Scheduled,,
10315,2021,standard,11,4,2022-01-29,20:30,Scheduled,,
10316,2021,standard,1,17,2022-01-30,13:00,Scheduled,,
10317,2021,standard,5,16,2022-01-30,13:00,Scheduled,,
10318,2021,standard,6,29,2022-01-30,15:30,Scheduled,,
10319,2021,standard,10,7,2022-01-30,18:00,Scheduled,,
10320,2021,standard,26,8,2022-01-30,19:00,Scheduled,,
10321,2021,standard,21,9,2022-01-30,19:00,Scheduled,,
10322,2021,standard,22,40,2022-01-30,20:00,Scheduled,,
10323,2021,standard,28,31,2022-01-30,20:00,Scheduled,,
10324,2021,standard,7,23,2022-01-31,19:00,Scheduled,,
10325,2021,standard,15,16,2022-01-31,19:00,Scheduled,,
10326,2021,standard,27,19,2022-01-31,19:00,Scheduled,,
10327,2021,standard,2,20,2022-01-31,19:30,Scheduled,,
10328,2021,standard,24,30,2022-01-31,19:30,Scheduled,,
10332,2021,standard,1,38,2022-01-31,19:30,Scheduled,,
10329,2021,standard,14,11,2022-01-31,20:00,Scheduled,,
10330,2021,standard,25,29,2022-01-31,20:00,Scheduled,,
10331,2021,standard,10,23,2022-02-01,19:00,Scheduled,,
10333,2021,standard,21,41,2022-02-01,19:30,Scheduled,,
10349,2021,standard,38,20,2022-02-01,19:30,Scheduled,,
10334,2021,standard,6,26,2022-02-01,20:00,Scheduled,,
10335,2021,standard,22,9,2022-02-01,20:00,Scheduled,,
10336,2021,standard,31,11,2022-02-01,20:30,Scheduled,,
10337,2021,standard,28,4,2022-02-01,22:00,Scheduled,,
10338,2021,standard,15,26,2022-02-02,19:00,Scheduled,,
10339,2021,standard,27,41,2022-02-02,19:00,Scheduled,,
10340,2021,standard,2,5,2022-02-02,19:30,Scheduled,,
10341,2021,standard,24,19,2022-02-02,19:30,Scheduled,,
10342,2021,standard,14,7,2022-02-02,20:00,Scheduled,,
10343,2021,standard,8,25,2022-02-02,20:30,Scheduled,,
10344,2021,standard,40,9,2022-02-02,22:00,Scheduled,,
10345,2021,standard,30,4,2022-02-02,22:00,Scheduled,,
10346,2021,standard,17,29,2022-02-02,22:30,Scheduled,,
10347,2021,standard,10,22,2022-02-03,19:00,Scheduled,,
9216,2021,standard,38,6,2022-02-03,19:30,Scheduled,,
10348,2021,standard,1,28,2022-02-03,19:30,Scheduled,,
10086,2021,standard,31,20,2022-02-03,20:30,Scheduled,,
10350,2021,standard,11,30,2022-02-03,22:00,Scheduled,,
10351,2021,standard,16,17,2022-02-03,22:00,Scheduled,,
10352,2021,standard,5,7,2022-02-04,19:00,Scheduled,,
10353,2021,standard,10,2,2022-02-04,19:00,Scheduled,,
10354,2021,standard,15,6,2022-02-04,19:00,Scheduled,,
10355,2021,standard,38,1,2022-02-04,19:30,Scheduled,,
10356,2021,standard,8,27,2022-02-04,20:30,Scheduled,,
10357,2021,standard,31,14,2022-02-04,20:30,Scheduled,,
10358,2021,standard,40,4,2022-02-04,21:00,Scheduled,,
10359,2021,standard,9,23,2022-02-04,22:00,Scheduled,,
10360,2021,standard,29,25,2022-02-04,22:00,Scheduled,,
10361,2021,standard,26,19,2022-02-05,17:00,Scheduled,,
10362,2021,standard,5,20,2022-02-05,19:00,Scheduled,,
10363,2021,standard,41,28,2022-02-05,19:00,Scheduled,,
10364,2021,standard,17,24,2022-02-05,20:30,Scheduled,,
10365,2021,standard,29,21,2022-02-05,22:00,Scheduled,,
10366,2021,standard,30,25,2022-02-05,22:00,Scheduled,,
10367,2021,standard,6,27,2022-02-06,15:30,Scheduled,,
10368,2021,standard,22,10,2022-02-06,15:30,Scheduled,,
10369,2021,standard,9,4,2022-02-06,15:30,Scheduled,,
10370,2021,standard,7,15,2022-02-06,18:00,Scheduled,,
10371,2021,standard,26,2,2022-02-06,18:00,Scheduled,,
10372,2021,standard,8,1,2022-02-06,18:00,Scheduled,,
10373,2021,standard,14,23,2022-02-06,19:00,Scheduled,,
10374,2021,standard,16,21,2022-02-06,21:00,Scheduled,,
10375,2021,standard,5,38,2022-02-07,19:00,Scheduled,,
10376,2021,standard,41,20,2022-02-07,19:00,Scheduled,,
10377,2021,standard,6,28,2022-02-07,20:00,Scheduled,,
10378,2021,standard,25,11,2022-02-07,20:00,Scheduled,,
10379,2021,standard,40,24,2022-02-07,21:00,Scheduled,,
10380,2021,standard,27,28,2022-02-08,19:00,Scheduled,,
10381,2021,standard,1,15,2022-02-08,19:30,Scheduled,,
10382,2021,standard,4,2,2022-02-08,19:30,Scheduled,,
10383,2021,standard,19,16,2022-02-08,20:00,Scheduled,,
10384,2021,standard,23,14,2022-02-08,20:00,Scheduled,,
10385,2021,standard,8,10,2022-02-08,20:30,Scheduled,,
10386,2021,standard,9,24,2022-02-08,21:00,Scheduled,,
10387,2021,standard,17,21,2022-02-08,22:00,Scheduled,,
10388,2021,standard,29,26,2022-02-08,22:00,Scheduled,,
10389,2021,standard,30,22,2022-02-08,22:00,Scheduled,,
10390,2021,standard,7,31,2022-02-09,19:00,Scheduled,,
10391,2021,standard,5,6,2022-02-09,19:30,Scheduled,,
10392,2021,standard,25,38,2022-02-09,20:00,Scheduled,,
10393,2021,standard,40,11,2022-02-09,22:00,Scheduled,,
10394,2021,standard,29,17,2022-02-09,22:00,Scheduled,,
10395,2021,standard,30,22,2022-02-09,22:00,Scheduled,,
10396,2021,standard,10,19,2022-02-10,19:00,Scheduled,,
10397,2021,standard,41,4,2022-02-10,19:00,Scheduled,,
10398,2021,standard,23,20,2022-02-10,19:30,Scheduled,,
10399,2021,standard,14,38,2022-02-10,20:00,Scheduled,,
10400,2021,standard,8,16,2022-02-10,20:30,Scheduled,,
10401,2021,standard,28,21,2022-02-10,22:00,Scheduled,,
10402,2021,standard,11,24,2022-02-10,22:00,Scheduled,,
10403,2021,standard,10,5,2022-02-11,19:00,Scheduled,,
10404,2021,standard,15,7,2022-02-11,19:00,Scheduled,,
10405,2021,standard,27,25,2022-02-11,19:00,Scheduled,,
10406,2021,standard,1,31,2022-02-11,19:30,Scheduled,,
10407,2021,standard,2,9,2022-02-11,19:30,Scheduled,,
10408,2021,standard,6,22,2022-02-11,20:00,Scheduled,,
10409,2021,standard,40,26,2022-02-11,21:00,Scheduled,,
10410,2021,standard,29,24,2022-02-12,17:00,Scheduled,,
10411,2021,standard,5,19,2022-02-12,19:00,Scheduled,,
10412,2021,standard,41,30,2022-02-12,19:00,Scheduled,,
10413,2021,standard,23,31,2022-02-12,19:00,Scheduled,,
10414,2021,standard,27,7,2022-02-12,19:30,Scheduled,,
10415,2021,standard,38,9,2022-02-12,19:30,Scheduled,,
10416,2021,standard,20,4,2022-02-12,20:00,Scheduled,,
10417,2021,standard,6,25,2022-02-12,20:00,Scheduled,,
10418,2021,standard,8,16,2022-02-12,20:30,Scheduled,,
10419,2021,standard,11,17,2022-02-12,20:30,Scheduled,,
10420,2021,standard,28,26,2022-02-12,21:00,Scheduled,,
10421,2021,standard,2,1,2022-02-13,14:00,Scheduled,,
10422,2021,standard,15,22,2022-02-13,15:00,Scheduled,,
10423,2021,standard,41,10,2022-02-14,19:00,Scheduled,,
10424,2021,standard,4,30,2022-02-14,19:30,Scheduled,,
10425,2021,standard,24,25,2022-02-14,19:30,Scheduled,,
10426,2021,standard,6,31,2022-02-14,20:00,Scheduled,,
10427,2021,standard,21,29,2022-02-14,20:00,Scheduled,,
10428,2021,standard,23,38,2022-02-14,20:00,Scheduled,,
10429,2021,standard,9,26,2022-02-14,21:00,Scheduled,,
10430,2021,standard,40,14,2022-02-14,21:00,Scheduled,,
10431,2021,standard,16,11,2022-02-14,22:30,Scheduled,,
10432,2021,standard,1,7,2022-02-15,19:30,Scheduled,,
10433,2021,standard,20,8,2022-02-15,19:30,Scheduled,,
10434,2021,standard,27,2,2022-02-15,19:30,Scheduled,,
10435,2021,standard,21,15,2022-02-15,20:00,Scheduled,,
10436,2021,standard,22,5,2022-02-15,20:00,Scheduled,,
10437,2021,standard,23,19,2022-02-15,20:00,Scheduled,,
10438,2021,standard,28,16,2022-02-15,22:00,Scheduled,,
10439,2021,standard,26,1,2022-02-16,19:00,Scheduled,,
10440,2021,standard,2,10,2022-02-16,19:30,Scheduled,,
10441,2021,standard,15,41,2022-02-16,19:30,Scheduled,,
10442,2021,standard,24,4,2022-02-16,19:30,Scheduled,,
10443,2021,standard,6,30,2022-02-16,20:00,Scheduled,,
10444,2021,standard,19,29,2022-02-16,20:00,Scheduled,,
10445,2021,standard,22,38,2022-02-16,20:00,Scheduled,,
10446,2021,standard,25,31,2022-02-16,20:00,Scheduled,,
10447,2021,standard,28,14,2022-02-16,21:00,Scheduled,,
10448,2021,standard,11,9,2022-02-16,22:00,Scheduled,,
10449,2021,standard,17,40,2022-02-16,22:00,Scheduled,,
10450,2021,standard,5,20,2022-02-17,19:00,Scheduled,,
10029,2021,standard,4,41,2022-02-17,19:30,Scheduled,,
10451,2021,standard,23,8,2022-02-17,20:00,Scheduled,,
10452,2021,standard,21,27,2022-02-17,20:30,Scheduled,,
10453,2021,standard,16,14,2022-02-17,22:30,Scheduled,,
10454,2021,standard,10,7,2022-02-24,19:00,Scheduled,,
10455,2021,standard,4,2,2022-02-24,19:30,Scheduled,,
10456,2021,standard,6,1,2022-02-24,20:00,Scheduled,,
10457,2021,standard,22,19,2022-02-24,20:00,Scheduled,,
10458,2021,standard,25,28,2022-02-24,20:00,Scheduled,,
10459,2021,standard,29,11,2022-02-24,22:00,Scheduled,,
10460,2021,standard,30,9,2022-02-24,22:00,Scheduled,,
10461,2021,standard,5,38,2022-02-25,19:00,Scheduled,,
10462,2021,standard,15,25,2022-02-25,19:00,Scheduled,,
10463,2021,standard,26,14,2022-02-25,19:00,Scheduled,,
10464,2021,standard,41,31,2022-02-25,19:00,Scheduled,,
10465,2021,standard,24,20,2022-02-25,19:30,Scheduled,,
10466,2021,standard,22,27,2022-02-25,20:00,Scheduled,,
10467,2021,standard,28,23,2022-02-25,21:00,Scheduled,,
10468,2021,standard,40,8,2022-02-25,21:00,Scheduled,,
10469,2021,standard,17,16,2022-02-25,22:00,Scheduled,,
10470,2021,standard,10,2,2022-02-26,12:00,Scheduled,,
10471,2021,standard,1,38,2022-02-26,19:30,Scheduled,,
10472,2021,standard,7,41,2022-02-26,20:00,Scheduled,,
10473,2021,standard,20,31,2022-02-26,20:00,Scheduled,,
10474,2021,standard,6,19,2022-02-26,20:00,Scheduled,,
10475,2021,standard,21,4,2022-02-26,20:30,Scheduled,,
10476,2021,standard,9,30,2022-02-26,21:00,Scheduled,,
10477,2021,standard,24,27,2022-02-27,13:00,Scheduled,,
10478,2021,standard,28,40,2022-02-27,15:30,Scheduled,,
10479,2021,standard,15,2,2022-02-27,17:00,Scheduled,,
10480,2021,standard,5,10,2022-02-27,19:00,Scheduled,,
10481,2021,standard,14,16,2022-02-27,19:00,Scheduled,,
10482,2021,standard,11,8,2022-02-27,19:30,Scheduled,,
10483,2021,standard,29,9,2022-02-27,21:00,Scheduled,,
10484,2021,standard,17,23,2022-02-27,22:00,Scheduled,,
10485,2021,standard,7,22,2022-02-28,19:00,Scheduled,,
10486,2021,standard,26,15,2022-02-28,19:00,Scheduled,,
10291,2021,standard,4,38,2022-02-28,19:30,Scheduled,,
10487,2021,standard,20,6,2022-02-28,19:30,Scheduled,,
10488,2021,standard,19,31,2022-02-28,20:00,Scheduled,,
10489,2021,standard,21,5,2022-02-28,20:00,Scheduled,,
10490,2021,standard,25,30,2022-02-28,20:00,Scheduled,,
10491,2021,standard,41,10,2022-03-01,19:00,Scheduled,,
10492,2021,standard,2,1,2022-03-01,19:30,Scheduled,,
10493,2021,standard,38,4,2022-03-01,19:30,Scheduled,,
10494,2021,standard,14,16,2022-03-01,20:00,Scheduled,,
10495,2021,standard,22,11,2022-03-01,20:00,Scheduled,,
10496,2021,standard,17,8,2022-03-01,22:00,Scheduled,,
10497,2021,standard,7,5,2022-03-02,19:00,Scheduled,,
10498,2021,standard,26,15,2022-03-02,19:00,Scheduled,,
10499,2021,standard,27,24,2022-03-02,19:30,Scheduled,,
10500,2021,standard,14,40,2022-03-02,20:00,Scheduled,,
10501,2021,standard,21,20,2022-03-02,20:00,Scheduled,,
10502,2021,standard,23,30,2022-03-02,20:00,Scheduled,,
10503,2021,standard,9,25,2022-03-02,21:00,Scheduled,,
10504,2021,standard,28,29,2022-03-02,22:00,Scheduled,,
10275,2021,standard,1,6,2022-03-03,19:00,Scheduled,,
10505,2021,standard,2,19,2022-03-03,19:30,Scheduled,,
10506,2021,standard,4,20,2022-03-03,19:30,Scheduled,,
10507,2021,standard,38,10,2022-03-03,19:30,Scheduled,,
10508,2021,standard,8,11,2022-03-03,20:30,Scheduled,,
10509,2021,standard,31,30,2022-03-03,20:30,Scheduled,,
10510,2021,standard,16,17,2022-03-03,22:00,Scheduled,,
10511,2021,standard,10,15,2022-03-04,19:00,Scheduled,,
10512,2021,standard,27,7,2022-03-04,19:00,Scheduled,,
10513,2021,standard,41,1,2022-03-04,19:00,Scheduled,,
10514,2021,standard,6,21,2022-03-04,19:30,Scheduled,,
10023,2021,standard,38,26,2022-03-04,19:30,Scheduled,,
10515,2021,standard,23,40,2022-03-04,20:00,Scheduled,,
10516,2021,standard,25,22,2022-03-04,20:00,Scheduled,,
10517,2021,standard,9,14,2022-03-04,21:00,Scheduled,,
10518,2021,standard,28,24,2022-03-04,22:00,Scheduled,,
10519,2021,standard,8,30,2022-03-05,17:00,Scheduled,,
10520,2021,standard,5,31,2022-03-05,19:00,Scheduled,,
10521,2021,standard,20,27,2022-03-05,20:00,Scheduled,,
10522,2021,standard,19,26,2022-03-05,20:00,Scheduled,,
10523,2021,standard,22,29,2022-03-05,20:00,Scheduled,,
10524,2021,standard,17,11,2022-03-05,20:30,Scheduled,,
10525,2021,standard,2,4,2022-03-06,13:00,Scheduled,,
10526,2021,standard,21,28,2022-03-06,15:30,Scheduled,,
10527,2021,standard,7,38,2022-03-06,18:00,Scheduled,,
10528,2021,standard,41,15,2022-03-06,18:00,Scheduled,,
10529,2021,standard,14,19,2022-03-06,19:00,Scheduled,,
10530,2021,standard,25,40,2022-03-06,19:00,Scheduled,,
10531,2021,standard,16,24,2022-03-06,19:30,Scheduled,,
10532,2021,standard,9,23,2022-03-06,22:00,Scheduled,,
10533,2021,standard,10,1,2022-03-07,19:00,Scheduled,,
10534,2021,standard,27,6,2022-03-07,19:00,Scheduled,,
10535,2021,standard,20,14,2022-03-07,19:30,Scheduled,,
10536,2021,standard,22,29,2022-03-07,20:00,Scheduled,,
10537,2021,standard,8,40,2022-03-07,20:30,Scheduled,,
10538,2021,standard,31,17,2022-03-07,20:30,Scheduled,,
9314,2021,standard,9,11,2022-03-07,21:00,Scheduled,,
10539,2021,standard,30,24,2022-03-07,22:00,Scheduled,,
10540,2021,standard,5,4,2022-03-08,19:00,Scheduled,,
10541,2021,standard,15,7,2022-03-08,19:00,Scheduled,,
10542,2021,standard,26,28,2022-03-08,19:00,Scheduled,,
10543,2021,standard,19,23,2022-03-08,19:30,Scheduled,,
10544,2021,standard,25,21,2022-03-08,20:00,Scheduled,,
10545,2021,standard,11,16,2022-03-08,22:00,Scheduled,,
10546,2021,standard,5,2,2022-03-09,19:00,Scheduled,,
10547,2021,standard,10,6,2022-03-09,19:00,Scheduled,,
10548,2021,standard,20,28,2022-03-09,19:30,Scheduled,,
10549,2021,standard,21,1,2022-03-09,19:30,Scheduled,,
10550,2021,standard,14,17,2022-03-09,20:00,Scheduled,,
10551,2021,standard,22,25,2022-03-09,20:00,Scheduled,,
10552,2021,standard,23,26,2022-03-09,20:00,Scheduled,,
10553,2021,standard,8,24,2022-03-09,20:30,Scheduled,,
10554,2021,standard,31,38,2022-03-09,20:30,Scheduled,,
10555,2021,standard,40,29,2022-03-09,22:00,Scheduled,,
10556,2021,standard,30,9,2022-03-09,22:00,Scheduled,,
10557,2021,standard,16,41,2022-03-09,22:30,Scheduled,,
10558,2021,standard,27,4,2022-03-10,19:30,Scheduled,,
10559,2021,standard,9,11,2022-03-10,22:00,Scheduled,,
10560,2021,standard,26,22,2022-03-11,19:00,Scheduled,,
10561,2021,standard,1,16,2022-03-11,19:30,Scheduled,,
10562,2021,standard,2,10,2022-03-11,19:30,Scheduled,,
10563,2021,standard,20,7,2022-03-11,20:00,Scheduled,,
10564,2021,standard,14,8,2022-03-11,20:00,Scheduled,,
10565,2021,standard,19,24,2022-03-11,20:00,Scheduled,,
10566,2021,standard,23,5,2022-03-11,20:00,Scheduled,,
10567,2021,standard,31,40,2022-03-11,20:30,Scheduled,,
10568,2021,standard,28,38,2022-03-11,21:00,Scheduled,,
10569,2021,standard,17,41,2022-03-11,22:30,Scheduled,,
10570,2021,standard,20,22,2022-03-12,20:00,Scheduled,,
10571,2021,standard,6,7,2022-03-12,20:00,Scheduled,,
10572,2021,standard,31,15,2022-03-12,20:00,Scheduled,,
10573,2021,standard,11,21,2022-03-12,20:30,Scheduled,,
10574,2021,standard,9,38,2022-03-12,22:00,Scheduled,,
10575,2021,standard,40,30,2022-03-12,22:00,Scheduled,,
10576,2021,standard,29,41,2022-03-12,22:00,Scheduled,,
10577,2021,standard,4,24,2022-03-13,13:00,Scheduled,,
10578,2021,standard,10,16,2022-03-13,15:00,Scheduled,,
10579,2021,standard,2,8,2022-03-13,15:30,Scheduled,,
10580,2021,standard,26,27,2022-03-13,18:00,Scheduled,,
10581,2021,standard,1,15,2022-03-13,19:00,Scheduled,,
10582,2021,standard,23,14,2022-03-13,19:00,Scheduled,,
10583,2021,standard,25,19,2022-03-13,19:00,Scheduled,,
10584,2021,standard,28,17,2022-03-13,21:00,Scheduled,,
10585,2021,standard,7,16,2022-03-14,19:00,Scheduled,,
10586,2021,standard,1,29,2022-03-14,19:30,Scheduled,,
10587,2021,standard,27,9,2022-03-14,19:30,Scheduled,,
10588,2021,standard,25,5,2022-03-14,20:00,Scheduled,,
10589,2021,standard,31,22,2022-03-14,20:30,Scheduled,,
10590,2021,standard,11,41,2022-03-14,22:00,Scheduled,,
10591,2021,standard,30,6,2022-03-14,22:00,Scheduled,,
10592,2021,standard,40,21,2022-03-14,22:00,Scheduled,,
10593,2021,standard,17,38,2022-03-14,22:30,Scheduled,,
10594,2021,standard,15,19,2022-03-15,19:00,Scheduled,,
10595,2021,standard,26,4,2022-03-15,19:00,Scheduled,,
10596,2021,standard,20,10,2022-03-15,19:30,Scheduled,,
10597,2021,standard,23,28,2022-03-15,20:00,Scheduled,,
10598,2021,standard,5,1,2022-03-16,19:00,Scheduled,,
10599,2021,standard,7,27,2022-03-16,19:00,Scheduled,,
10600,2021,standard,41,9,2022-03-16,19:00,Scheduled,,
10601,2021,standard,4,8,2022-03-16,19:30,Scheduled,,
10602,2021,standard,24,29,2022-03-16,19:30,Scheduled,,
10603,2021,standard,14,28,2022-03-16,20:00,Scheduled,,
10604,2021,standard,22,17,2022-03-16,20:00,Scheduled,,
10605,2021,standard,31,25,2022-03-16,20:30,Scheduled,,
10606,2021,standard,40,6,2022-03-16,21:00,Scheduled,,
10607,2021,standard,11,2,2022-03-16,22:00,Scheduled,,
10608,2021,standard,30,21,2022-03-16,22:00,Scheduled,,
10609,2021,standard,16,38,2022-03-16,22:30,Scheduled,,
10610,2021,standard,26,10,2022-03-17,19:00,Scheduled,,
10611,2021,standard,27,8,2022-03-18,19:00,Scheduled,,
10612,2021,standard,1,19,2022-03-18,19:30,Scheduled,,
10613,2021,standard,4,29,2022-03-18,19:30,Scheduled,,
10614,2021,standard,7,9,2022-03-18,19:30,Scheduled,,
10615,2021,standard,24,41,2022-03-18,19:30,Scheduled,,
10616,2021,standard,38,17,2022-03-18,19:30,Scheduled,,
10617,2021,standard,20,25,2022-03-18,20:00,Scheduled,,
10618,2021,standard,14,15,2022-03-18,20:00,Scheduled,,
10619,2021,standard,31,23,2022-03-18,20:30,Scheduled,,
10620,2021,standard,40,16,2022-03-18,21:00,Scheduled,,
10621,2021,standard,28,6,2022-03-18,22:00,Scheduled,,
10622,2021,standard,30,2,2022-03-18,22:00,Scheduled,,
10623,2021,standard,22,21,2022-03-19,17:00,Scheduled,,
10624,2021,standard,5,8,2022-03-19,19:00,Scheduled,,
10625,2021,standard,7,10,2022-03-19,20:00,Scheduled,,
10626,2021,standard,41,17,2022-03-19,20:00,Scheduled,,
10627,2021,standard,15,29,2022-03-20,15:30,Scheduled,,
10628,2021,standard,14,19,2022-03-20,15:30,Scheduled,,
10629,2021,standard,1,23,2022-03-20,18:00,Scheduled,,
10630,2021,standard,26,25,2022-03-20,18:00,Scheduled,,
10631,2021,standard,30,28,2022-03-20,18:00,Scheduled,,
10632,2021,standard,24,40,2022-03-20,19:30,Scheduled,,
10633,2021,standard,9,2,2022-03-20,20:00,Scheduled,,
10634,2021,standard,27,38,2022-03-20,20:30,Scheduled,,
10635,2021,standard,11,31,2022-03-20,20:30,Scheduled,,
10636,2021,standard,5,23,2022-03-21,19:00,Scheduled,,
10637,2021,standard,7,17,2022-03-21,19:00,Scheduled,,
10638,2021,standard,10,29,2022-03-21,19:00,Scheduled,,
10639,2021,standard,27,20,2022-03-21,19:00,Scheduled,,
10640,2021,standard,4,40,2022-03-21,19:30,Scheduled,,
10641,2021,standard,6,38,2022-03-21,20:00,Scheduled,,
10642,2021,standard,14,41,2022-03-21,20:00,Scheduled,,
10643,2021,standard,25,2,2022-03-21,20:00,Scheduled,,
10644,2021,standard,8,22,2022-03-21,20:30,Scheduled,,
10645,2021,standard,26,11,2022-03-22,19:00,Scheduled,,
10646,2021,standard,24,1,2022-03-22,19:30,Scheduled,,
10647,2021,standard,21,6,2022-03-22,20:00,Scheduled,,
10648,2021,standard,9,16,2022-03-22,22:00,Scheduled,,
10649,2021,standard,5,24,2022-03-23,19:00,Scheduled,,
10650,2021,standard,10,1,2022-03-23,19:00,Scheduled,,
10651,2021,standard,15,30,2022-03-23,19:00,Scheduled,,
10652,2021,standard,2,40,2022-03-23,19:30,Scheduled,,
10653,2021,standard,20,11,2022-03-23,19:30,Scheduled,,
10654,2021,standard,19,4,2022-03-23,19:30,Scheduled,,
10655,2021,standard,22,28,2022-03-23,20:00,Scheduled,,
10656,2021,standard,25,26,2022-03-23,20:00,Scheduled,,
10657,2021,standard,8,14,2022-03-23,20:30,Scheduled,,
10658,2021,standard,17,27,2022-03-23,22:00,Scheduled,,
10659,2021,standard,29,31,2022-03-23,22:00,Scheduled,,
10660,2021,standard,38,7,2022-03-24,19:30,Scheduled,,
10661,2021,standard,19,15,2022-03-24,20:00,Scheduled,,
10662,2021,standard,21,41,2022-03-24,20:00,Scheduled,,
10663,2021,standard,23,6,2022-03-24,20:00,Scheduled,,
10664,2021,standard,9,28,2022-03-24,21:00,Scheduled,,
10665,2021,standard,5,40,2022-03-25,19:00,Scheduled,,
10666,2021,standard,10,41,2022-03-25,19:00,Scheduled,,
10667,2021,standard,1,11,2022-03-25,19:30,Scheduled,,
10668,2021,standard,20,24,2022-03-25,20:00,Scheduled,,
10669,2021,standard,22,8,2022-03-25,20:00,Scheduled,,
10670,2021,standard,29,14,2022-03-25,22:00,Scheduled,,
10671,2021,standard,16,27,2022-03-25,22:30,Scheduled,,
10672,2021,standard,23,31,2022-03-26,17:00,Scheduled,,
10673,2021,standard,26,30,2022-03-26,19:00,Scheduled,,
10674,2021,standard,38,15,2022-03-26,19:30,Scheduled,,
10675,2021,standard,7,6,2022-03-26,20:00,Scheduled,,
10676,2021,standard,20,4,2022-03-26,20:00,Scheduled,,
10677,2021,standard,19,21,2022-03-26,20:00,Scheduled,,
10678,2021,standard,9,25,2022-03-26,21:00,Scheduled,,
10679,2021,standard,29,14,2022-03-26,22:00,Scheduled,,
10680,2021,standard,10,24,2022-03-27,15:30,Scheduled,,
10681,2021,standard,2,22,2022-03-27,18:00,Scheduled,,
10682,2021,standard,41,11,2022-03-27,18:00,Scheduled,,
10683,2021,standard,28,27,2022-03-27,18:00,Scheduled,,
10684,2021,standard,23,17,2022-03-27,19:00,Scheduled,,
10685,2021,standard,4,5,2022-03-27,19:30,Scheduled,,
10686,2021,standard,8,40,2022-03-27,19:30,Scheduled,,
10687,2021,standard,5,9,2022-03-28,19:00,Scheduled,,
10688,2021,standard,7,26,2022-03-28,19:00,Scheduled,,
10689,2021,standard,15,1,2022-03-28,19:00,Scheduled,,
10690,2021,standard,20,30,2022-03-28,19:30,Scheduled,,
10691,2021,standard,24,6,2022-03-28,19:30,Scheduled,,
10692,2021,standard,38,2,2022-03-28,19:30,Scheduled,,
10693,2021,standard,14,31,2022-03-28,20:00,Scheduled,,
10694,2021,standard,19,11,2022-03-28,20:00,Scheduled,,
10695,2021,standard,29,25,2022-03-28,22:00,Scheduled,,
10696,2021,standard,27,21,2022-03-29,19:00,Scheduled,,
10697,2021,standard,41,6,2022-03-29,19:00,Scheduled,,
10698,2021,standard,4,10,2022-03-29,19:30,Scheduled,,
10699,2021,standard,8,17,2022-03-29,19:30,Scheduled,,
10700,2021,standard,16,40,2022-03-29,22:00,Scheduled,,
10701,2021,standard,7,8,2022-03-30,19:00,Scheduled,,
10702,2021,standard,15,9,2022-03-30,19:00,Scheduled,,
10703,2021,standard,41,26,2022-03-30,19:00,Scheduled,,
10704,2021,standard,2,20,2022-03-30,19:30,Scheduled,,
10705,2021,standard,24,5,2022-03-30,19:30,Scheduled,,
10706,2021,standard,38,22,2022-03-30,19:30,Scheduled,,
10707,2021,standard,14,30,2022-03-30,20:00,Scheduled,,
10708,2021,standard,25,1,2022-03-30,20:00,Scheduled,,
10709,2021,standard,31,19,2022-03-30,20:30,Scheduled,,
10710,2021,standard,11,28,2022-03-30,22:00,Scheduled,,
10711,2021,standard,29,23,2022-03-30,22:00,Scheduled,,
10712,2021,standard,10,27,2022-03-31,19:00,Scheduled,,
10017,2021,standard,1,7,2022-03-31,19:30,Scheduled,,
10713,2021,standard,4,21,2022-03-31,19:30,Scheduled,,
10714,2021,standard,6,16,2022-03-31,20:00,Scheduled,,
10715,2021,standard,40,17,2022-03-31,22:00,Scheduled,,
10716,2021,standard,26,38,2022-04-01,19:00,Scheduled,,
10717,2021,standard,41,8,2022-04-01,19:00,Scheduled,,
10718,2021,standard,2,15,2022-04-01,19:30,Scheduled,,
10719,2021,standard,14,30,2022-04-01,20:00,Scheduled,,
10720,2021,standard,19,28,2022-04-01,20:00,Scheduled,,
10721,2021,standard,21,16,2022-04-01,20:00,Scheduled,,
10722,2021,standard,25,10,2022-04-01,20:00,Scheduled,,
10723,2021,standard,31,29,2022-04-01,20:30,Scheduled,,
10724,2021,standard,9,22,2022-04-01,21:00,Scheduled,,
10725,2021,standard,17,23,2022-04-01,22:30,Scheduled,,
10726,2021,standard,27,5,2022-04-02,12:30,Scheduled,,
10727,2021,standard,24,7,2022-04-02,13:00,Scheduled,,
10728,2021,standard,1,4,2022-04-02,19:30,Scheduled,,
10729,2021,standard,6,20,2022-04-02,20:00,Scheduled,,
10730,2021,standard,11,40,2022-04-02,20:30,Scheduled,,
10731,2021,standard,2,41,2022-04-03,13:00,Scheduled,,
10732,2021,standard,21,8,2022-04-03,13:00,Scheduled,,
10733,2021,standard,17,9,2022-04-03,15:30,Scheduled,,
10734,2021,standard,15,10,2022-04-03,17:00,Scheduled,,
10735,2021,standard,7,27,2022-04-03,18:00,Scheduled,,
10736,2021,standard,26,24,2022-04-03,18:00,Scheduled,,
10737,2021,standard,38,20,2022-04-03,19:00,Scheduled,,
10738,2021,standard,14,22,2022-04-03,19:00,Scheduled,,
10739,2021,standard,25,28,2022-04-03,19:00,Scheduled,,
10740,2021,standard,31,29,2022-04-03,19:00,Scheduled,,
10741,2021,standard,30,11,2022-04-03,21:00,Scheduled,,
10742,2021,standard,16,23,2022-04-03,21:30,Scheduled,,
10743,2021,standard,15,27,2022-04-05,19:00,Scheduled,,
10744,2021,standard,26,7,2022-04-05,19:00,Scheduled,,
10745,2021,standard,4,14,2022-04-05,19:30,Scheduled,,
10746,2021,standard,20,5,2022-04-05,19:30,Scheduled,,
10747,2021,standard,38,1,2022-04-05,19:30,Scheduled,,
10748,2021,standard,6,21,2022-04-05,20:00,Scheduled,,
10749,2021,standard,22,41,2022-04-05,20:00,Scheduled,,
10750,2021,standard,25,29,2022-04-05,20:00,Scheduled,,
10752,2021,standard,40,19,2022-04-05,21:00,Scheduled,,
10751,2021,standard,9,31,2022-04-05,21:00,Scheduled,,
10753,2021,standard,30,23,2022-04-05,22:00,Scheduled,,
10754,2021,standard,28,17,2022-04-05,22:30,Scheduled,,
10755,2021,standard,10,8,2022-04-06,19:00,Scheduled,,
10756,2021,standard,24,4,2022-04-06,19:30,Scheduled,,
10757,2021,standard,1,41,2022-04-06,20:00,Scheduled,,
10758,2021,standard,6,2,2022-04-06,20:00,Scheduled,,
10759,2021,standard,40,25,2022-04-06,21:00,Scheduled,,
10760,2021,standard,16,28,2022-04-06,22:00,Scheduled,,
10761,2021,standard,5,26,2022-04-07,19:00,Scheduled,,
10762,2021,standard,38,27,2022-04-07,19:30,Scheduled,,
10763,2021,standard,21,2,2022-04-07,19:30,Scheduled,,
10764,2021,standard,22,31,2022-04-07,20:00,Scheduled,,
10765,2021,standard,23,29,2022-04-07,20:00,Scheduled,,
10766,2021,standard,9,19,2022-04-07,21:00,Scheduled,,
10767,2021,standard,11,17,2022-04-07,22:00,Scheduled,,
10768,2021,standard,10,21,2022-04-08,19:00,Scheduled,,
10769,2021,standard,41,24,2022-04-08,19:00,Scheduled,,
10770,2021,standard,4,7,2022-04-08,19:30,Scheduled,,
10771,2021,standard,38,14,2022-04-08,19:30,Scheduled,,
10772,2021,standard,20,1,2022-04-08,20:00,Scheduled,,
10773,2021,standard,6,5,2022-04-08,20:00,Scheduled,,
10777,2021,standard,16,30,2022-04-09,20:00,Scheduled,,
10778,2021,standard,19,23,2022-04-09,20:00,Scheduled,,
10779,2021,standard,27,15,2022-04-09,20:00,Scheduled,,
10780,2021,standard,31,11,2022-04-09,20:00,Scheduled,,
10774,2021,standard,8,29,2022-04-08,20:30,Scheduled,,
10775,2021,standard,40,28,2022-04-08,21:30,Scheduled,,
10776,2021,standard,17,25,2022-04-08,22:30,Scheduled,,
10781,2021,standard,4,15,2022-04-10,22:30,Scheduled,,
10782,2021,standard,5,41,2022-04-10,22:30,Scheduled,,
10783,2021,standard,7,21,2022-04-10,22:30,Scheduled,,
10784,2021,standard,8,31,2022-04-10,22:30,Scheduled,,
10785,2021,standard,9,17,2022-04-10,22:30,Scheduled,,
10786,2021,standard,14,1,2022-04-10,22:30,Scheduled,,
10787,2021,standard,16,25,2022-04-10,22:30,Scheduled,,
10788,2021,standard,19,2,2022-04-10,22:30,Scheduled,,
10789,2021,standard,22,6,2022-04-10,22:30,Scheduled,,
10790,2021,standard,23,11,2022-04-10,22:30,Scheduled,,
10791,2021,standard,24,38,2022-04-10,22:30,Scheduled,,
10792,2021,standard,26,20,2022-04-10,22:30,Scheduled,,
10793,2021,standard,27,10,2022-04-10,22:30,Scheduled,,
10794,2021,standard,28,30,2022-04-10,22:30,Scheduled,,
10795,2021,standard,29,40,2022-04-10,22:30,Scheduled,,
